name,author_id,journal,role,first_year,last_year,n_snapshots
Alfredo Marín,,Computers & Operations Research,Editor,2022,2022,1
Alice E. Smith,,Computers & Operations Research,Editor,2022,2022,1
Anand Subramanian,,Computers & Operations Research,Editor,2022,2022,1
Andrea Lodi,,Computers & Operations Research,Editor,2022,2022,1
Andrés L. Medaglia,,Computers & Operations Research,Editor,2022,2022,1
Angel Corberán,,Computers & Operations Research,Editor,2022,2022,1
Bruce Golden,,Computers & Operations Research,Editor,2022,2022,1
Burcu Keskin,,Computers & Operations Research,Editor,2022,2022,1
Cenk Calıskan,,Computers & Operations Research,Editor,2022,2022,1
Christian Blum,,Computers & Operations Research,Editor,2022,2022,1
Christian Prins,,Computers & Operations Research,Editor,2022,2022,1
David Pisinger,,Computers & Operations Research,Editor,2022,2022,1
Dmitry Krass,,Computers & Operations Research,Editor,2022,2022,1
Dominique Feillet,,Computers & Operations Research,Editor,2022,2022,1
Elena Fernández,,Computers & Operations Research,Editor,2022,2022,1
Frederico Della Croce,,Computers & Operations Research,Editor,2022,2022,1
Gabriele Eichfelder,,Computers & Operations Research,Editor,2022,2022,1
Gilbert Laporte,,Computers & Operations Research,Editor,2022,2022,2
Gonzalo Mejía Delgadillo,,Computers & Operations Research,Editor,2022,2022,1
Gur Mosheiov,,Computers & Operations Research,Editor,2022,2022,1
H.A. Eiselt,,Computers & Operations Research,Editor,2022,2022,1
Hadi Charkhgard,,Computers & Operations Research,Editor,2022,2022,1
Hande Yaman,,Computers & Operations Research,Editor,2022,2022,1
Hans Kellerer,,Computers & Operations Research,Editor,2022,2022,1
Hossein Soroush,,Computers & Operations Research,Editor,2022,2022,1
Ignacio Grossmann,,Computers & Operations Research,Editor,2022,2022,1
Ioannis Giannikos,,Computers & Operations Research,Editor,2022,2022,1
Isabel Correia,,Computers & Operations Research,Editor,2022,2022,1
Ivana Ljubic,,Computers & Operations Research,Editor,2022,2022,1
Jean-François Cordeau,,Computers & Operations Research,Editor,2022,2022,1
Jean-Yves Potvin,,Computers & Operations Research,Editor,2022,2022,1
Jens Lysgaard,,Computers & Operations Research,Editor,2022,2022,1
Jin-Kao Hao,,Computers & Operations Research,Editor,2022,2022,1
Joe Zhu,,Computers & Operations Research,Editor,2022,2022,1
John Beasley,,Computers & Operations Research,Editor,2022,2022,1
John Klincewicz,,Computers & Operations Research,Editor,2022,2022,1
Juan-Jose Salazar-Gonzalez,,Computers & Operations Research,Editor,2022,2022,1
Justo Puerto,,Computers & Operations Research,Editor,2022,2022,1
Karl Doerner,,Computers & Operations Research,Editor,2022,2022,1
Kate Smith-Miles,,Computers & Operations Research,Editor,2022,2022,1
Lu Zhen,,Computers & Operations Research,Editor,2022,2022,1
Luce Brotcorne,,Computers & Operations Research,Editor,2022,2022,1
Luis Gouveia,,Computers & Operations Research,Editor,2022,2022,1
Marco Lübbecke,,Computers & Operations Research,Editor,2022,2022,1
Maria Albareda Sambola,,Computers & Operations Research,Editor,2022,2022,1
Maria-Grazia Scutellà,,Computers & Operations Research,Editor,2022,2022,1
Mario Vanhoucke,,Computers & Operations Research,Editor,2022,2022,1
Martin Savelsbergh,,Computers & Operations Research,Editor,2022,2022,1
Matthias Ehrgott,,Computers & Operations Research,Editor,2022,2022,1
Mikhail Kovalyov,,Computers & Operations Research,Editor,2022,2022,1
Navigate Right,,Computers & Operations Research,Editor,2022,2022,13
Osman Alp,,Computers & Operations Research,Editor,2022,2022,1
Rajan Batta,,Computers & Operations Research,Editor,2022,2022,1
Richard Eglese,,Computers & Operations Research,Editor,2022,2022,1
Roberto Musmanno,,Computers & Operations Research,Editor,2022,2022,1
Rubén Ruiz García,,Computers & Operations Research,Editor,2022,2022,1
Rudolf Vetschera,,Computers & Operations Research,Editor,2022,2022,1
Samuel J. Raff,,Computers & Operations Research,Editor,2022,2022,1
Shunji Tanaka,,Computers & Operations Research,Editor,2022,2022,1
Sibel Alumur Alev,,Computers & Operations Research,Editor,2022,2022,1
Stefan Irnich,,Computers & Operations Research,Editor,2022,2022,1
Stefan Nickel,,Computers & Operations Research,Editor,2022,2022,1
Sven Spieckermann,,Computers & Operations Research,Editor,2022,2022,1
Teresa Melo,,Computers & Operations Research,Editor,2022,2022,1
Tolga Bektas,,Computers & Operations Research,Editor,2022,2022,1
Vladimir Marianov,,Computers & Operations Research,Editor,2022,2022,1
Yasmín A. Ríos-Solís,,Computers & Operations Research,Editor,2022,2022,1
Navigate Right,,Computers & Operations Research,Editorial Board,2022,2022,6
United Kingdom,,Computers & Operations Research,Editorial Board,2022,2022,1
A. Mercer,,European Journal of Operational Research,Editor,2021,2021,1
B. Tilanus,,European Journal of Operational Research,Editor,2021,2021,1
H.-J. Zimmermann,,European Journal of Operational Research,Editor,2021,2021,1
I. Bomze,,European Journal of Operational Research,Editor,2021,2021,1
J. Wallenius,,European Journal of Operational Research,Editor,2021,2021,1
J.-Ch. Billaut,,European Journal of Operational Research,Editor,2021,2021,1
L. Peccati,,European Journal of Operational Research,Editor,2021,2021,1
R.G. Dyson,,European Journal of Operational Research,Editor,2021,2021,1
A. Ben-Tal,,European Journal of Operational Research,Editorial Board,2021,2024,4
A. Gavious,,European Journal of Operational Research,Editorial Board,2021,2024,4
A. Mercer,,European Journal of Operational Research,Editorial Board,2022,2024,3
A. Minca,,European Journal of Operational Research,Editorial Board,2022,2024,3
A. Nagurney,,European Journal of Operational Research,Editorial Board,2022,2024,3
A. Oztekin,,European Journal of Operational Research,Editorial Board,2022,2024,3
A.P. Barbosa-Povoa,,European Journal of Operational Research,Editorial Board,2021,2024,4
B. Matarazzo,,European Journal of Operational Research,Editorial Board,2021,2024,4
B. Tilanus,,European Journal of Operational Research,Editorial Board,2022,2024,3
C. Archetti,,European Journal of Operational Research,Editorial Board,2021,2024,4
C. Kao,,European Journal of Operational Research,Editorial Board,2021,2024,4
C. Koulamas,,European Journal of Operational Research,Editorial Board,2021,2021,1
C. Schwindt,,European Journal of Operational Research,Editorial Board,2022,2024,3
C. Zopounidis,,European Journal of Operational Research,Editorial Board,2021,2024,4
D. Briskorn,,European Journal of Operational Research,Editorial Board,2021,2024,4
D. Kadziński,,European Journal of Operational Research,Editorial Board,2022,2024,3
D. Pisinger,,European Journal of Operational Research,Editorial Board,2021,2021,1
D. Shabtay,,European Journal of Operational Research,Editorial Board,2021,2024,4
D. Tuyttens,,European Journal of Operational Research,Editorial Board,2021,2024,4
D. Wozabal,,European Journal of Operational Research,Editorial Board,2022,2024,3
E. Pesch,,European Journal of Operational Research,Editorial Board,2021,2024,4
E. Thanassoulis,,European Journal of Operational Research,Editorial Board,2021,2021,1
E.D. Demeulemeester,,European Journal of Operational Research,Editorial Board,2021,2024,4
F. Della Croce,,European Journal of Operational Research,Editorial Board,2021,2024,4
F. Jaehn,,European Journal of Operational Research,Editorial Board,2021,2024,4
F. M. B. Toledo,,European Journal of Operational Research,Editorial Board,2022,2024,3
G. Kou,,European Journal of Operational Research,Editorial Board,2021,2024,4
G. Laporte,,European Journal of Operational Research,Editorial Board,2021,2024,4
G. Vanden Berghe,,European Journal of Operational Research,Editorial Board,2021,2024,4
H. Xu,,European Journal of Operational Research,Editorial Board,2022,2024,3
H. Zhang,,European Journal of Operational Research,Editorial Board,2021,2021,1
H.-J. Zimmermann,,European Journal of Operational Research,Editorial Board,2022,2024,3
I. Bomze,,European Journal of Operational Research,Editorial Board,2021,2024,7
I. Durbach,,European Journal of Operational Research,Editorial Board,2021,2024,4
I. Ljubic,,European Journal of Operational Research,Editorial Board,2021,2024,4
J. Branke,,European Journal of Operational Research,Editorial Board,2022,2024,3
J. Carlier,,European Journal of Operational Research,Editorial Board,2021,2024,4
J. Crook,,European Journal of Operational Research,Editorial Board,2022,2024,3
J. Gondzio,,European Journal of Operational Research,Editorial Board,2021,2024,4
J. R. Figueira,,European Journal of Operational Research,Editorial Board,2021,2021,1
J. Wallenius,,European Journal of Operational Research,Editorial Board,2021,2024,7
J. Weglarz,,European Journal of Operational Research,Editorial Board,2021,2024,4
J. Zhu,,European Journal of Operational Research,Editorial Board,2021,2024,4
J.-C. Billaut,,European Journal of Operational Research,Editorial Board,2021,2024,4
J.-Ch. Billaut,,European Journal of Operational Research,Editorial Board,2022,2024,3
J.M. Martinez,,European Journal of Operational Research,Editorial Board,2021,2024,4
L. A. Franco,,European Journal of Operational Research,Editorial Board,2021,2024,4
L. Peccati,,European Journal of Operational Research,Editorial Board,2021,2024,7
M. Caramia,,European Journal of Operational Research,Editorial Board,2021,2024,4
M. Eling,,European Journal of Operational Research,Editorial Board,2021,2024,4
M. Figueira,,European Journal of Operational Research,Editorial Board,2022,2024,3
M. Gendreau,,European Journal of Operational Research,Editorial Board,2021,2021,1
M. Hladik,,European Journal of Operational Research,Editorial Board,2021,2024,4
M. Inuiguchi,,European Journal of Operational Research,Editorial Board,2021,2024,4
M. Recchioni,,European Journal of Operational Research,Editorial Board,2021,2024,4
M.P. Johnson,,European Journal of Operational Research,Editorial Board,2021,2024,4
M.Y. Kovalyov,,European Journal of Operational Research,Editorial Board,2021,2024,4
N. Boysen,,European Journal of Operational Research,Editorial Board,2021,2024,4
N. Löhndorf,,European Journal of Operational Research,Editorial Board,2022,2024,3
P. Toth,,European Journal of Operational Research,Editorial Board,2021,2024,4
R. Bai,,European Journal of Operational Research,Editorial Board,2022,2024,3
R. M'Hallah,,European Journal of Operational Research,Editorial Board,2021,2024,4
R. Martí,,European Journal of Operational Research,Editorial Board,2021,2024,4
R. M’Hallah,,European Journal of Operational Research,Editorial Board,2021,2021,1
R. Ruiz,,European Journal of Operational Research,Editorial Board,2021,2023,3
R. Ruiz García,,European Journal of Operational Research,Editorial Board,2024,2024,1
R. Vetschera,,European Journal of Operational Research,Editorial Board,2022,2024,3
R.G. Dyson,,European Journal of Operational Research,Editorial Board,2022,2024,3
S. Bozoki,,European Journal of Operational Research,Editorial Board,2022,2024,3
S. Greco,,European Journal of Operational Research,Editorial Board,2021,2024,4
S. Howick,,European Journal of Operational Research,Editorial Board,2022,2024,3
S. Knust,,European Journal of Operational Research,Editorial Board,2022,2024,3
S. Minner,,European Journal of Operational Research,Editorial Board,2021,2024,4
S. Robinson,,European Journal of Operational Research,Editorial Board,2021,2021,1
S. Salman,,European Journal of Operational Research,Editorial Board,2022,2024,3
S. Shen,,European Journal of Operational Research,Editorial Board,2022,2024,3
S.M. Disney,,European Journal of Operational Research,Editorial Board,2021,2024,4
South Africa,,European Journal of Operational Research,Editorial Board,2022,2024,3
T. Liu,,European Journal of Operational Research,Editorial Board,2022,2024,3
T. Terlaky,,European Journal of Operational Research,Editorial Board,2021,2021,1
T.S. Spengler,,European Journal of Operational Research,Editorial Board,2021,2024,4
U. Leopold-Wildburger,,European Journal of Operational Research,Editorial Board,2021,2021,1
U. Pferschy,,European Journal of Operational Research,Editorial Board,2021,2024,4
United Kingdom,,European Journal of Operational Research,Editorial Board,2022,2024,6
V. Belton,,European Journal of Operational Research,Editorial Board,2021,2021,1
V. Hemmelmayr,,European Journal of Operational Research,Editorial Board,2022,2024,3
V. T. Paschos,,European Journal of Operational Research,Editorial Board,2021,2021,1
W. Michalowski,,European Journal of Operational Research,Editorial Board,2022,2024,3
W.D. Cook,,European Journal of Operational Research,Editorial Board,2021,2021,1
X. Zhou,,European Journal of Operational Research,Editorial Board,2022,2024,3
Y. Peng,,European Journal of Operational Research,Editorial Board,2022,2024,3
Y. Siskos,,European Journal of Operational Research,Editorial Board,2021,2024,4
Andrea Lodi,,INFORMS Journal on Computing,Area Editor,2022,2023,2
Antonio Frangioni,,INFORMS Journal on Computing,Area Editor,2022,2023,2
Bruno Tuffin,,INFORMS Journal on Computing,Area Editor,2022,2023,2
David L. Alderson,,INFORMS Journal on Computing,Area Editor,2022,2023,2
Erwin Pesch,,INFORMS Journal on Computing,Area Editor,2022,2023,2
J. Paul Brooks,,INFORMS Journal on Computing,Area Editor,2022,2023,2
Nicola Secomandi,,INFORMS Journal on Computing,Area Editor,2022,2023,2
Pascal Van Hentenryck,,INFORMS Journal on Computing,Area Editor,2022,2023,2
Ram Ramesh,,INFORMS Journal on Computing,Area Editor,2022,2023,2
SUNY Buffalo,,INFORMS Journal on Computing,Area Editor,2022,2023,2
ScholarOne Manuscripts,,INFORMS Journal on Computing,Area Editor,2022,2023,2
Software Tools,,INFORMS Journal on Computing,Area Editor,2022,2023,2
Ted Ralphs,,INFORMS Journal on Computing,Area Editor,2022,2023,2
Adam Wierman,,INFORMS Journal on Computing,Associate Editor,2022,2023,2
Ambros Gleixner,,INFORMS Journal on Computing,Associate Editor,2022,2023,2
Andre A. Cire,,INFORMS Journal on Computing,Associate Editor,2022,2023,2
Andrew J. Schaefer,,INFORMS Journal on Computing,Associate Editor,2022,2023,2
André Luiz Diniz,,INFORMS Journal on Computing,Associate Editor,2022,2023,2
Archis Ghate,,INFORMS Journal on Computing,Associate Editor,2022,2023,2
Argonne National Laboratory,,INFORMS Journal on Computing,Associate Editor,2022,2022,1
Arie M.C.A. Koster,,INFORMS Journal on Computing,Associate Editor,2022,2023,2
Ashutosh Mahajan,,INFORMS Journal on Computing,Associate Editor,2022,2023,2
Bernard Fortz,,INFORMS Journal on Computing,Associate Editor,2022,2023,2
Bruce Golden,,INFORMS Journal on Computing,Associate Editor,2022,2023,2
Bruce L. Golden,,INFORMS Journal on Computing,Associate Editor,2022,2023,2
Carleton Coffrin,,INFORMS Journal on Computing,Associate Editor,2022,2023,2
Dan Zhang,,INFORMS Journal on Computing,Associate Editor,2022,2023,2
Daniel D. Zeng,,INFORMS Journal on Computing,Associate Editor,2022,2023,2
David Brown,,INFORMS Journal on Computing,Associate Editor,2022,2023,2
David L. Woodruff,,INFORMS Journal on Computing,Associate Editor,2022,2023,6
Debra VanderMeer,,INFORMS Journal on Computing,Associate Editor,2022,2023,2
Douglas Down,,INFORMS Journal on Computing,Associate Editor,2022,2023,2
Elias Khalil,,INFORMS Journal on Computing,Associate Editor,2022,2023,2
Emily Craparo,,INFORMS Journal on Computing,Associate Editor,2022,2023,2
Emma Frejinger,,INFORMS Journal on Computing,Associate Editor,2022,2023,2
Enrico Malaguti,,INFORMS Journal on Computing,Associate Editor,2022,2023,2
Eunhye Song,,INFORMS Journal on Computing,Associate Editor,2022,2023,2
Fatma Kılınç-Karzan,,INFORMS Journal on Computing,Associate Editor,2022,2023,2
Georgia Tech,,INFORMS Journal on Computing,Associate Editor,2022,2022,1
Giancarlo Bigi,,INFORMS Journal on Computing,Associate Editor,2022,2023,2
Gianluca Fusai,,INFORMS Journal on Computing,Associate Editor,2022,2023,2
Guy Desaulniers,,INFORMS Journal on Computing,Associate Editor,2022,2023,2
Günther Raidl,,INFORMS Journal on Computing,Associate Editor,2022,2023,2
HEC Montréal,,INFORMS Journal on Computing,Associate Editor,2022,2023,2
Harvey J. Greenberg,,INFORMS Journal on Computing,Associate Editor,2022,2023,2
Henry Lam,,INFORMS Journal on Computing,Associate Editor,2022,2023,2
Huseyin Topaloglu,,INFORMS Journal on Computing,Associate Editor,2022,2023,2
Ilya O. Ryzhov,,INFORMS Journal on Computing,Associate Editor,2022,2023,2
James Ostrowski,,INFORMS Journal on Computing,Associate Editor,2022,2023,2
Jean-Yves Potvin,,INFORMS Journal on Computing,Associate Editor,2022,2023,2
John Blake,,INFORMS Journal on Computing,Associate Editor,2022,2022,1
John W. Chinneck,,INFORMS Journal on Computing,Associate Editor,2022,2023,4
Kamran Paynabar,,INFORMS Journal on Computing,Associate Editor,2022,2022,1
Karla L. Hoffman,,INFORMS Journal on Computing,Associate Editor,2022,2023,2
Kaushik Dutta,,INFORMS Journal on Computing,Associate Editor,2022,2023,2
Kelly M. Sullivan,,INFORMS Journal on Computing,Associate Editor,2022,2023,2
Kirk Pruhs,,INFORMS Journal on Computing,Associate Editor,2022,2023,2
Lawrence Berkeley National Laboratory,,INFORMS Journal on Computing,Associate Editor,2023,2023,1
Los Alamos National Laboratory,,INFORMS Journal on Computing,Associate Editor,2022,2023,4
Luca Bertazzi,,INFORMS Journal on Computing,Associate Editor,2022,2023,2
Marc Pfetsch,,INFORMS Journal on Computing,Associate Editor,2022,2023,4
Marc Uetz,,INFORMS Journal on Computing,Associate Editor,2022,2023,2
Margarida Carvalho,,INFORMS Journal on Computing,Associate Editor,2022,2023,2
Maria Mayorga,,INFORMS Journal on Computing,Associate Editor,2022,2023,2
Markus Leitner,,INFORMS Journal on Computing,Associate Editor,2022,2023,2
Martin Bichler,,INFORMS Journal on Computing,Associate Editor,2022,2023,2
Michael C. Ferris,,INFORMS Journal on Computing,Associate Editor,2022,2023,2
Michael Hahsler,,INFORMS Journal on Computing,Associate Editor,2022,2023,2
Miguel Lejeune,,INFORMS Journal on Computing,Associate Editor,2023,2023,1
Mikhail Kovalyov,,INFORMS Journal on Computing,Associate Editor,2022,2023,2
Miles Lubin,,INFORMS Journal on Computing,Associate Editor,2022,2023,2
National Academies,,INFORMS Journal on Computing,Associate Editor,2022,2023,2
Nilay Noyan,,INFORMS Journal on Computing,Associate Editor,2022,2023,2
Osman Ozaltin,,INFORMS Journal on Computing,Associate Editor,2022,2023,2
Pascal Van Hentenryck,,INFORMS Journal on Computing,Associate Editor,2022,2023,2
Philip Kilby,,INFORMS Journal on Computing,Associate Editor,2022,2023,2
Prakash Mirchandani,,INFORMS Journal on Computing,Associate Editor,2022,2023,2
Quentin Louveaux,,INFORMS Journal on Computing,Associate Editor,2022,2023,2
Robin Lougee,,INFORMS Journal on Computing,Associate Editor,2022,2023,2
Ruiwei Jiang,,INFORMS Journal on Computing,Associate Editor,2022,2023,2
Russell W. Bent,,INFORMS Journal on Computing,Associate Editor,2022,2023,2
Ruth Misener,,INFORMS Journal on Computing,Associate Editor,2022,2023,2
Sanjeeb Dash,,INFORMS Journal on Computing,Associate Editor,2022,2023,2
Seong-Hee Kim,,INFORMS Journal on Computing,Associate Editor,2022,2023,2
Shaojie Tang,,INFORMS Journal on Computing,Associate Editor,2022,2023,2
Siqian Shen,,INFORMS Journal on Computing,Associate Editor,2022,2023,2
Software Tools,,INFORMS Journal on Computing,Associate Editor,2022,2023,2
Sophie N. Parragh,,INFORMS Journal on Computing,Associate Editor,2022,2023,2
Stefan M. Wild,,INFORMS Journal on Computing,Associate Editor,2022,2023,2
Stefano Gualandi,,INFORMS Journal on Computing,Associate Editor,2022,2023,2
Technische Universität Darmstadt,,INFORMS Journal on Computing,Associate Editor,2022,2023,4
Tolga Tezcan,,INFORMS Journal on Computing,Associate Editor,2022,2023,2
Veronica Piccialli,,INFORMS Journal on Computing,Associate Editor,2022,2023,2
Vrije Universiteit Amsterdam,,INFORMS Journal on Computing,Associate Editor,2022,2023,2
W. David Kelton,,INFORMS Journal on Computing,Associate Editor,2022,2023,4
Wei Xie,,INFORMS Journal on Computing,Associate Editor,2022,2023,2
William J. Cook,,INFORMS Journal on Computing,Associate Editor,2022,2023,2
Xin Li,,INFORMS Journal on Computing,Associate Editor,2022,2023,2
Yi Chen,,INFORMS Journal on Computing,Associate Editor,2022,2023,2
Yongjia Song,,INFORMS Journal on Computing,Associate Editor,2022,2022,1
Yossiri Adulyasak,,INFORMS Journal on Computing,Associate Editor,2022,2023,2
Zdravko Botev,,INFORMS Journal on Computing,Associate Editor,2022,2023,2
Zhiling Guo,,INFORMS Journal on Computing,Associate Editor,2022,2023,2
Alice E. Smith,,INFORMS Journal on Computing,Editor-In-Chief,2022,2023,2
Aaron Chatterji,,Management Science,Associate Editor,2019,2023,5
Abhishek Nagaraj,,Management Science,Associate Editor,2022,2025,4
Achal Bassamboo,,Management Science,Associate Editor,2021,2025,5
Adam Elmachtoub,,Management Science,Associate Editor,2021,2025,6
Adam M. Kleinbaum,,Management Science,Associate Editor,2019,2022,4
Adam Mersereau,,Management Science,Associate Editor,2025,2025,1
Adam Reed,,Management Science,Associate Editor,2019,2025,7
Adina Sterling,,Management Science,Associate Editor,2019,2025,7
Adrien Matray,,Management Science,Associate Editor,2020,2023,4
Aiyesha Dey,,Management Science,Associate Editor,2023,2025,3
Ajay Agrawal,,Management Science,Associate Editor,2019,2023,5
Ajay Kumar,,Management Science,Associate Editor,2025,2025,1
Alan Benson,,Management Science,Associate Editor,2021,2023,3
Alan Moreira,,Management Science,Associate Editor,2021,2023,3
Alan Scheller-Wolf,,Management Science,Associate Editor,2020,2025,6
Alastair Lawrence,,Management Science,Associate Editor,2022,2025,4
Albert Ha,,Management Science,Associate Editor,2019,2024,6
Alberto Rossi,,Management Science,Associate Editor,2022,2025,4
Alessandro Acquisti,,Management Science,Associate Editor,2019,2025,7
Alex Belloni,,Management Science,Associate Editor,2019,2023,5
Alex Rees-Jones,,Management Science,Associate Editor,2023,2025,5
Ali Aouad,,Management Science,Associate Editor,2024,2025,2
Ali Parlakturk,,Management Science,Associate Editor,2022,2025,4
Alvin E. Roth,,Management Science,Associate Editor,2019,2025,9
Amanda Sharkey,,Management Science,Associate Editor,2019,2020,2
Amin Sayedi,,Management Science,Associate Editor,2024,2025,2
Amir Goldberg,,Management Science,Associate Editor,2019,2022,4
Amir Kermani,,Management Science,Associate Editor,2021,2025,5
Amit Basu,,Management Science,Associate Editor,2019,2020,2
Amit Mehra,,Management Science,Associate Editor,2021,2025,5
Ananya Sen,,Management Science,Associate Editor,2024,2025,2
Andra Ghent,,Management Science,Associate Editor,2024,2025,2
Andrea Fosfuri,,Management Science,Associate Editor,2019,2025,12
Andrea Vedolin,,Management Science,Associate Editor,2020,2023,4
Andreas Park,,Management Science,Associate Editor,2022,2025,4
Andrei Hagiu,,Management Science,Associate Editor,2020,2025,6
Andrei Simonov,,Management Science,Associate Editor,2019,2023,5
Andrew Ching,,Management Science,Associate Editor,2019,2020,2
Andrew Davis,,Management Science,Associate Editor,2019,2025,7
Andrew Lim,,Management Science,Associate Editor,2019,2023,5
Andrew Schaefer,,Management Science,Associate Editor,2019,2023,5
Andrey Malenko,,Management Science,Associate Editor,2019,2021,3
Angelos Georghiou,,Management Science,Associate Editor,2025,2025,1
Anindya Ghose,,Management Science,Associate Editor,2019,2020,2
Anita McGahan,,Management Science,Associate Editor,2024,2025,2
Anita Tucker,,Management Science,Associate Editor,2019,2020,2
Anja Lambrecht,,Management Science,Associate Editor,2021,2025,5
Anna Costello,,Management Science,Associate Editor,2022,2024,3
Anna Tuchman,,Management Science,Associate Editor,2024,2025,2
Annamaria Conti,,Management Science,Associate Editor,2024,2025,2
Anthony Dukes,,Management Science,Associate Editor,2019,2020,2
Antoine Desir,,Management Science,Associate Editor,2025,2025,1
Antonio Moreno,,Management Science,Associate Editor,2022,2025,4
Anup Srivastava,,Management Science,Associate Editor,2024,2025,2
Anya Samek,,Management Science,Associate Editor,2020,2025,6
Anyan Qi,,Management Science,Associate Editor,2025,2025,1
April Franco,,Management Science,Associate Editor,2021,2022,2
Asa Palley,,Management Science,Associate Editor,2024,2025,2
Ashish Agarwal,,Management Science,Associate Editor,2019,2025,7
Atasu Atalay,,Management Science,Associate Editor,2024,2025,2
Aurélien Baillon,,Management Science,Associate Editor,2019,2023,5
Azarakhsh Malekian,,Management Science,Associate Editor,2021,2025,5
Balaji Padmanabhan,,Management Science,Associate Editor,2019,2025,7
Baozhong Yang,,Management Science,Associate Editor,2024,2025,2
Barney Hartman-Glaser,,Management Science,Associate Editor,2024,2025,2
Beibei Li,,Management Science,Associate Editor,2020,2025,6
Ben Greiner,,Management Science,Associate Editor,2020,2025,8
Ben Rissing,,Management Science,Associate Editor,2024,2025,2
Benjamin Iverson,,Management Science,Associate Editor,2022,2025,4
Benjamin Keys,,Management Science,Associate Editor,2019,2020,2
Berlin Social Science Center,,Management Science,Associate Editor,2019,2022,4
Big Data Analytics,,Management Science,Associate Editor,2019,2020,2
Bin Hu,,Management Science,Associate Editor,2023,2025,3
Bin Ke,,Management Science,Associate Editor,2024,2025,2
Björn Bartling,,Management Science,Associate Editor,2019,2025,7
Bo Becker,,Management Science,Associate Editor,2019,2022,4
Bob Batt,,Management Science,Associate Editor,2020,2025,6
Bora Keskin,,Management Science,Associate Editor,2020,2025,7
Brad Greenwood,,Management Science,Associate Editor,2019,2025,7
Bradley Shapiro,,Management Science,Associate Editor,2024,2025,2
Bradley Staats,,Management Science,Associate Editor,2019,2025,14
Brandy Aven,,Management Science,Associate Editor,2021,2023,3
Brendan Lucier,,Management Science,Associate Editor,2020,2025,6
Brent Goldfarb,,Management Science,Associate Editor,2019,2023,5
Brett Gordon,,Management Science,Associate Editor,2021,2022,2
Brett Hollenbeck,,Management Science,Associate Editor,2024,2025,2
Brian Mittendorf,,Management Science,Associate Editor,2022,2025,4
Brian P. Miller,,Management Science,Associate Editor,2019,2025,7
Brian Rubineau,,Management Science,Associate Editor,2021,2025,5
Brian Wu,,Management Science,Associate Editor,2024,2025,2
Burton Hollifield,,Management Science,Associate Editor,2024,2025,2
Byoung-Hyoun Hwang,,Management Science,Associate Editor,2019,2022,4
C. West Churchman,,Management Science,Associate Editor,2019,2025,7
CSOP Asset Management,,Management Science,Associate Editor,2024,2025,2
Camelia Kuhnen,,Management Science,Associate Editor,2020,2021,2
Caroline Flammer,,Management Science,Associate Editor,2021,2023,3
Carri Chan,,Management Science,Associate Editor,2019,2019,2
Casey Lichtendahl,,Management Science,Associate Editor,2019,2019,1
Catherine Thomas,,Management Science,Associate Editor,2019,2025,7
Catherine Tucker,,Management Science,Associate Editor,2019,2023,7
Católica Lisbon,,Management Science,Associate Editor,2020,2020,1
Chaithanya Bandi,,Management Science,Associate Editor,2024,2025,2
Charles C.Y. Wang,,Management Science,Associate Editor,2023,2025,3
Chen Ding,,Management Science,Associate Editor,2024,2025,2
Chen Lin,,Management Science,Associate Editor,2020,2025,6
Chloe Tergiman,,Management Science,Associate Editor,2024,2025,2
Chris Ryan,,Management Science,Associate Editor,2020,2023,4
Christian Gollier,,Management Science,Associate Editor,2019,2025,7
Christian Zehnder,,Management Science,Associate Editor,2024,2025,2
Christoph Huber,,Management Science,Associate Editor,2022,2025,4
Christoph Werner,,Management Science,Associate Editor,2024,2025,2
Christophe Spaenjers,,Management Science,Associate Editor,2020,2025,6
Christopher J. Malloy,,Management Science,Associate Editor,2019,2020,2
Christopher Yenkey,,Management Science,Associate Editor,2019,2025,7
Ciamac Moallemi,,Management Science,Associate Editor,2019,2025,7
Clare Wang,,Management Science,Associate Editor,2022,2025,4
Claudine Gartenberg,,Management Science,Associate Editor,2019,2023,9
Clemens Sialm,,Management Science,Associate Editor,2019,2019,1
Colleen Honigsberg,,Management Science,Associate Editor,2024,2025,2
Collin Raymond,,Management Science,Associate Editor,2024,2025,2
Cong Shi,,Management Science,Associate Editor,2021,2025,5
Corinne Bendersky,,Management Science,Associate Editor,2023,2023,1
Cynthia Rudin,,Management Science,Associate Editor,2019,2023,5
D. J. Wu,,Management Science,Associate Editor,2019,2020,2
Dacheng Xiu,,Management Science,Associate Editor,2020,2025,6
Damian Beil,,Management Science,Associate Editor,2019,2025,7
Dan Friedman,,Management Science,Associate Editor,2019,2019,1
Dan Iancu,,Management Science,Associate Editor,2019,2025,14
Dan Russo,,Management Science,Associate Editor,2021,2025,5
Daniel Effron,,Management Science,Associate Editor,2024,2025,2
Daniel Feiler,,Management Science,Associate Editor,2024,2025,4
Daniel Ferreira,,Management Science,Associate Editor,2019,2023,5
Daniel J. Taylor,,Management Science,Associate Editor,2019,2025,7
Daniel Kuhn,,Management Science,Associate Editor,2019,2025,7
Daniel Read,,Management Science,Associate Editor,2024,2025,2
Daniela Saban,,Management Science,Associate Editor,2021,2025,7
Daniele Nosenzo,,Management Science,Associate Editor,2024,2025,2
Danielle Li,,Management Science,Associate Editor,2020,2023,7
Danny Segev,,Management Science,Associate Editor,2024,2025,2
Daria Dzyabura,,Management Science,Associate Editor,2019,2025,7
Darren Roulstone,,Management Science,Associate Editor,2019,2025,7
Data Disclosure Policy,,Management Science,Associate Editor,2019,2020,2
Data Science,,Management Science,Associate Editor,2021,2025,5
David Bell,,Management Science,Associate Editor,2019,2023,5
David Cooper,,Management Science,Associate Editor,2024,2025,2
David Huffman,,Management Science,Associate Editor,2024,2025,2
David Pérez-Castrillo,,Management Science,Associate Editor,2024,2025,2
David Simchi-Levi,,Management Science,Associate Editor,2024,2025,2
David Waguespack,,Management Science,Associate Editor,2019,2025,7
Dawn Matsumoto,,Management Science,Associate Editor,2019,2022,4
Dean Eckles,,Management Science,Associate Editor,2020,2025,11
Decision Analysis,,Management Science,Associate Editor,2019,2020,2
Deepa Mani,,Management Science,Associate Editor,2019,2019,1
Deepak Hegde,,Management Science,Associate Editor,2021,2025,5
Dennis Campbell,,Management Science,Associate Editor,2019,2019,1
Dennis Zhang,,Management Science,Associate Editor,2019,2025,9
Deutsche Telekom,,Management Science,Associate Editor,2024,2025,2
Dharma Kwon,,Management Science,Associate Editor,2019,2025,7
Dirk Sliwka,,Management Science,Associate Editor,2019,2025,7
Diwakar Gupta,,Management Science,Associate Editor,2019,2023,5
Dmitry Livdan,,Management Science,Associate Editor,2019,2023,5
Dokyun Lee,,Management Science,Associate Editor,2023,2025,3
Donald G. Morrison,,Management Science,Associate Editor,2019,2025,7
Dong Lou,,Management Science,Associate Editor,2019,2025,7
Dorothea Kübler,,Management Science,Associate Editor,2019,2022,4
Dorothee Honhon,,Management Science,Associate Editor,2019,2025,7
Drazen Prelec,,Management Science,Associate Editor,2019,2023,5
Elea Feit,,Management Science,Associate Editor,2023,2025,3
Elena Asparouhova,,Management Science,Associate Editor,2021,2025,5
Elena Belavina,,Management Science,Associate Editor,2023,2025,3
Elena Karahanna,,Management Science,Associate Editor,2019,2025,7
Elena Katok,,Management Science,Associate Editor,2019,2020,2
Elena Simintzi,,Management Science,Associate Editor,2023,2025,3
Eliot Sherman,,Management Science,Associate Editor,2024,2025,2
Elisa Long,,Management Science,Associate Editor,2024,2025,2
Elizabeth Pontikes,,Management Science,Associate Editor,2021,2023,3
Elodie Adida Goodman,,Management Science,Associate Editor,2021,2025,5
Emel Filiz-Ozbay,,Management Science,Associate Editor,2021,2025,5
Emilio Castilla,,Management Science,Associate Editor,2019,2021,3
Enrico Diecidue,,Management Science,Associate Editor,2019,2025,7
Eric Bradlow,,Management Science,Associate Editor,2024,2025,2
Eric Overby,,Management Science,Associate Editor,2019,2025,7
Eric So,,Management Science,Associate Editor,2019,2020,2
Erick Delage,,Management Science,Associate Editor,2019,2023,5
Ernan Haruvy,,Management Science,Associate Editor,2019,2025,7
Ersin Körpeoğlu,,Management Science,Associate Editor,2022,2025,4
Ethical Guidelines,,Management Science,Associate Editor,2019,2020,2
Eva Ranehill,,Management Science,Associate Editor,2024,2025,2
Evan Rawley,,Management Science,Associate Editor,2019,2023,5
Evan Starr,,Management Science,Associate Editor,2020,2024,5
Fabian Sting,,Management Science,Associate Editor,2024,2025,2
Fabio Maccheroni,,Management Science,Associate Editor,2021,2025,5
Fabrizio Ferri,,Management Science,Associate Editor,2019,2025,7
Facebook Core Data Science,,Management Science,Associate Editor,2020,2025,6
Fahad Saleh,,Management Science,Associate Editor,2022,2025,4
Fanyin Zheng,,Management Science,Associate Editor,2021,2025,5
Felipe Caro,,Management Science,Associate Editor,2019,2025,11
Felipe Csaszar,,Management Science,Associate Editor,2023,2025,3
Feng Zhu,,Management Science,Associate Editor,2019,2025,7
Fernando Bernstein,,Management Science,Associate Editor,2019,2024,6
Feryal Erhun,,Management Science,Associate Editor,2021,2024,8
Fiona Murray,,Management Science,Associate Editor,2019,2019,2
Florenta Teodoridis,,Management Science,Associate Editor,2024,2025,2
Florian Englmaier,,Management Science,Associate Editor,2021,2025,7
Florin Ciocan,,Management Science,Associate Editor,2021,2025,5
Francesco D'Acunto,,Management Science,Associate Editor,2024,2025,2
Francisco Brahm,,Management Science,Associate Editor,2024,2025,2
Frank Zhang,,Management Science,Associate Editor,2019,2025,7
Gabriel R. Bitran,,Management Science,Associate Editor,2019,2025,7
Gah-Yi Ban,,Management Science,Associate Editor,2020,2025,10
Gary Bolton,,Management Science,Associate Editor,2019,2025,7
Gavin Cassar,,Management Science,Associate Editor,2019,2021,3
George Wu,,Management Science,Associate Editor,2019,2023,5
Georgia Perakis,,Management Science,Associate Editor,2019,2020,6
Gerry Tsoukalas,,Management Science,Associate Editor,2019,2025,7
Gino Cattani,,Management Science,Associate Editor,2019,2023,5
Giovanni Valentini,,Management Science,Associate Editor,2021,2025,5
Gordon Burtch,,Management Science,Associate Editor,2020,2025,6
Greg Shaffer,,Management Science,Associate Editor,2019,2023,5
Grégoire Poux-Guillaume,,Management Science,Associate Editor,2024,2025,2
Guihua Wang,,Management Science,Associate Editor,2025,2025,1
Guillaume Roels,,Management Science,Associate Editor,2019,2021,3
Guojun He,,Management Science,Associate Editor,2024,2025,2
Guoming Lai,,Management Science,Associate Editor,2020,2025,6
Gurhan Kok,,Management Science,Associate Editor,2019,2024,6
Gustavo Schwenkler,,Management Science,Associate Editor,2019,2025,7
Gustavo Vulcano,,Management Science,Associate Editor,2019,2021,3
Guy Holburn,,Management Science,Associate Editor,2024,2025,2
Gwen Yu,,Management Science,Associate Editor,2020,2025,6
Gérard Cachon,,Management Science,Associate Editor,2019,2025,7
Günter Hitsch,,Management Science,Associate Editor,2019,2021,3
HEC Montreal,,Management Science,Associate Editor,2019,2023,5
HEC Paris,,Management Science,Associate Editor,2019,2025,27
Haipeng Shen,,Management Science,Associate Editor,2019,2025,7
Hamed Mamani,,Management Science,Associate Editor,2019,2025,7
Hanna Halaburda,,Management Science,Associate Editor,2019,2023,5
Hans-Paul Bürkner,,Management Science,Associate Editor,2024,2025,2
Hao Liang,,Management Science,Associate Editor,2024,2025,2
Hao Zhang,,Management Science,Associate Editor,2019,2025,7
Haoxiang Zhu,,Management Science,Associate Editor,2019,2019,1
Haresh Gurnani,,Management Science,Associate Editor,2025,2025,1
Harjoat Bhamra,,Management Science,Associate Editor,2019,2023,5
Hau L. Lee,,Management Science,Associate Editor,2019,2025,7
Hazhir Rahmandad,,Management Science,Associate Editor,2021,2025,5
He Wang,,Management Science,Associate Editor,2021,2025,5
Healthcare Management,,Management Science,Associate Editor,2019,2025,7
Hema Yoganarasimhan,,Management Science,Associate Editor,2020,2023,4
Hemang Desai,,Management Science,Associate Editor,2024,2025,2
Hemant Bhargava,,Management Science,Associate Editor,2019,2020,2
Hengchen Dai,,Management Science,Associate Editor,2019,2022,4
Hengjie Ai,,Management Science,Associate Editor,2024,2025,2
Henning Piezunka,,Management Science,Associate Editor,2024,2025,2
Henry Friedman,,Management Science,Associate Editor,2019,2022,4
Henry Lam,,Management Science,Associate Editor,2024,2025,2
Hessam Bavafa,,Management Science,Associate Editor,2021,2025,5
Hong Luo,,Management Science,Associate Editor,2019,2025,14
HongChang Wang,,Management Science,Associate Editor,2024,2025,2
Horst Zank,,Management Science,Associate Editor,2019,2023,5
Hummy Song,,Management Science,Associate Editor,2021,2025,5
Huseyin Tanriverdi,,Management Science,Associate Editor,2019,2019,1
Huseyin Topaloglu,,Management Science,Associate Editor,2019,2023,8
Hyejin Youn,,Management Science,Associate Editor,2023,2025,3
Ian Larkin,,Management Science,Associate Editor,2019,2025,12
Ilan Guttman,,Management Science,Associate Editor,2022,2025,4
Ilan Lobel,,Management Science,Associate Editor,2019,2023,10
Indranil Bardhan,,Management Science,Associate Editor,2019,2025,7
Information Systems,,Management Science,Associate Editor,2019,2025,7
International Finance Corporation,,Management Science,Associate Editor,2024,2025,2
Ioannis Ioannou,,Management Science,Associate Editor,2024,2025,2
Isabel Fernandez-Mateo,,Management Science,Associate Editor,2019,2019,1
Itai Ashlagi,,Management Science,Associate Editor,2019,2020,2
Ivan Marinovic,,Management Science,Associate Editor,2022,2025,4
Ivan Png,,Management Science,Associate Editor,2020,2025,6
J. P. Dubé,,Management Science,Associate Editor,2019,2022,4
Jack Soll,,Management Science,Associate Editor,2019,2023,5
Jacopo Ponticelli,,Management Science,Associate Editor,2022,2023,2
James Choi,,Management Science,Associate Editor,2019,2019,1
James Smith,,Management Science,Associate Editor,2019,2025,7
Jan Bouwens,,Management Science,Associate Editor,2024,2024,1
Jan Kraemer,,Management Science,Associate Editor,2022,2025,4
Jan Van Mieghem,,Management Science,Associate Editor,2019,2020,2
Jana Gallus,,Management Science,Associate Editor,2021,2025,5
Jasjit Singh,,Management Science,Associate Editor,2024,2025,2
Jason Chan,,Management Science,Associate Editor,2020,2025,6
Jay Sethuraman,,Management Science,Associate Editor,2019,2023,5
Jean-Edouard Colliard,,Management Science,Associate Editor,2020,2025,6
Jeanine Miklos-Thal,,Management Science,Associate Editor,2019,2025,9
Jeannette Song,,Management Science,Associate Editor,2019,2019,1
Jeff Hong,,Management Science,Associate Editor,2019,2025,7
Jeffrey Carpenter,,Management Science,Associate Editor,2019,2023,5
Jeffrey Shulman,,Management Science,Associate Editor,2019,2023,5
Jennie Bai,,Management Science,Associate Editor,2021,2023,3
Jennifer Brown,,Management Science,Associate Editor,2019,2023,5
Jennifer Trueblood,,Management Science,Associate Editor,2021,2023,3
Jeremy Bertomeu,,Management Science,Associate Editor,2019,2025,7
Jeremy Gallien,,Management Science,Associate Editor,2019,2020,2
Jess Cornaggia,,Management Science,Associate Editor,2019,2025,7
Jianqing Fan,,Management Science,Associate Editor,2019,2025,7
Jiawei Zhang,,Management Science,Associate Editor,2019,2025,7
Jin Li,,Management Science,Associate Editor,2024,2025,2
Jing Dong,,Management Science,Associate Editor,2022,2025,4
Jiri Chod,,Management Science,Associate Editor,2019,2025,7
Joe Simmons,,Management Science,Associate Editor,2019,2025,7
Joel Goh,,Management Science,Associate Editor,2024,2025,2
Johannes Müller-Trede,,Management Science,Associate Editor,2024,2025,2
John Jiang,,Management Science,Associate Editor,2022,2025,4
John-Paul Ferguson,,Management Science,Associate Editor,2023,2025,3
Jonas Jonasson,,Management Science,Associate Editor,2024,2025,2
Jonathan Lewellen,,Management Science,Associate Editor,2019,2019,1
Jordan Tong,,Management Science,Associate Editor,2022,2025,4
Joseph Fan,,Management Science,Associate Editor,2019,2021,3
Joseph Gerakos,,Management Science,Associate Editor,2019,2019,1
Juan Alcácer,,Management Science,Associate Editor,2019,2023,5
Juanjuan Meng,,Management Science,Associate Editor,2021,2025,5
Judd Kessler,,Management Science,Associate Editor,2020,2022,3
Jui Ramaprasad,,Management Science,Associate Editor,2019,2023,5
Jun Li,,Management Science,Associate Editor,2019,2025,18
Jussi Keppo,,Management Science,Associate Editor,2019,2025,7
Justin Frake,,Management Science,Associate Editor,2025,2025,1
Jürgen Mihm,,Management Science,Associate Editor,2020,2023,4
Kai Li,,Management Science,Associate Editor,2019,2019,1
Kairong Xiao,,Management Science,Associate Editor,2024,2024,1
Kaisa Snellman,,Management Science,Associate Editor,2024,2025,2
Kamalini Ramdas,,Management Science,Associate Editor,2019,2024,12
Kanishka Misra,,Management Science,Associate Editor,2023,2025,3
Karan Girotra,,Management Science,Associate Editor,2019,2020,6
Karen Sedatole,,Management Science,Associate Editor,2022,2023,2
Karin Hoisl,,Management Science,Associate Editor,2021,2025,5
Karthik Kannan,,Management Science,Associate Editor,2019,2023,5
Karthik Natarajan,,Management Science,Associate Editor,2019,2025,12
Karthik Ramachandran,,Management Science,Associate Editor,2024,2025,2
Katherine Coffman,,Management Science,Associate Editor,2021,2025,5
Katherine Milkman,,Management Science,Associate Editor,2019,2021,3
Kevin Boudreau,,Management Science,Associate Editor,2019,2025,12
Kevin Bryan,,Management Science,Associate Editor,2022,2023,2
Kimon Drakopoulos,,Management Science,Associate Editor,2022,2025,6
Kinshuk Jerath,,Management Science,Associate Editor,2021,2025,5
Kirsten Rohde,,Management Science,Associate Editor,2021,2025,5
Kostas Bimpikis,,Management Science,Associate Editor,2019,2024,10
Krishnamurthy Iyer,,Management Science,Associate Editor,2024,2025,2
Krishnan Anand,,Management Science,Associate Editor,2021,2023,3
Kristina Rennekamp,,Management Science,Associate Editor,2024,2025,2
Kuang Xu,,Management Science,Associate Editor,2021,2025,9
Kyle Hyndman,,Management Science,Associate Editor,2022,2025,4
LMU Munich,,Management Science,Associate Editor,2021,2025,7
Lars-Alexander Kuehn,,Management Science,Associate Editor,2024,2025,2
Lata Gangadharan,,Management Science,Associate Editor,2023,2025,3
Lauren Lu,,Management Science,Associate Editor,2019,2025,7
Laurens Debo,,Management Science,Associate Editor,2019,2025,7
Lawrence Jin,,Management Science,Associate Editor,2024,2025,2
Lee Fleming,,Management Science,Associate Editor,2019,2025,7
Leemore Dafny,,Management Science,Associate Editor,2019,2023,7
Leila Agha,,Management Science,Associate Editor,2021,2025,5
Li Chen,,Management Science,Associate Editor,2025,2025,1
Liang Guo,,Management Science,Associate Editor,2019,2025,7
Lin Peng,,Management Science,Associate Editor,2024,2025,2
Lin William Cong,,Management Science,Associate Editor,2020,2021,2
Lin Zhao,,Management Science,Associate Editor,2020,2025,6
Ling Dong,,Management Science,Associate Editor,2019,2020,2
Linwei Xin,,Management Science,Associate Editor,2024,2025,2
Liu Yang,,Management Science,Associate Editor,2024,2025,2
Liyan Yang,,Management Science,Associate Editor,2019,2025,7
Lori Yue,,Management Science,Associate Editor,2019,2023,5
Ludwig Kuntz,,Management Science,Associate Editor,2019,2025,7
Lukas Schmid,,Management Science,Associate Editor,2019,2021,3
Luo Zuo,,Management Science,Associate Editor,2022,2025,4
Lynn Wu,,Management Science,Associate Editor,2020,2025,6
Maggie Zhou,,Management Science,Associate Editor,2024,2025,2
Mahesh Nagarajan,,Management Science,Associate Editor,2019,2025,7
Management Science,,Management Science,Associate Editor,2019,2025,9
Manuel Sosa,,Management Science,Associate Editor,2024,2025,2
Mao Ye,,Management Science,Associate Editor,2019,2021,3
Mara Lederman,,Management Science,Associate Editor,2019,2020,2
Marcelo Olivares,,Management Science,Associate Editor,2019,2022,7
Marcin Kacperczyk,,Management Science,Associate Editor,2019,2020,2
Margarita Tsoutsoura,,Management Science,Associate Editor,2020,2022,3
Margret Suckale,,Management Science,Associate Editor,2024,2025,2
Maria Guadalupe,,Management Science,Associate Editor,2019,2023,5
Maria Ogneva,,Management Science,Associate Editor,2019,2024,6
Marieke Huysentruyt,,Management Science,Associate Editor,2024,2025,2
Mario Daniele Amore,,Management Science,Associate Editor,2020,2025,6
Marius Niculescu,,Management Science,Associate Editor,2020,2023,4
Mark DesJardine,,Management Science,Associate Editor,2024,2025,2
Mark Leary,,Management Science,Associate Editor,2019,2019,1
Markus Pelger,,Management Science,Associate Editor,2019,2025,7
Martin Haugh,,Management Science,Associate Editor,2019,2025,10
Martin K. Starr,,Management Science,Associate Editor,2019,2025,7
Mary Billings,,Management Science,Associate Editor,2024,2025,2
Mary Ellen Carter,,Management Science,Associate Editor,2022,2025,4
Massimo Marinacci,,Management Science,Associate Editor,2019,2025,7
Matt Marx,,Management Science,Associate Editor,2020,2023,4
Matthew Ringgenberg,,Management Science,Associate Editor,2022,2025,4
Matthew Ringgenburg,,Management Science,Associate Editor,2019,2021,3
Matthias Sutter,,Management Science,Associate Editor,2019,2025,7
Max Shen,,Management Science,Associate Editor,2019,2025,12
Maxime Cohen,,Management Science,Associate Editor,2021,2025,5
Maytal Saar-Tsechansky,,Management Science,Associate Editor,2020,2023,4
Megan MacGarvie,,Management Science,Associate Editor,2024,2025,2
Meghan Busse,,Management Science,Associate Editor,2019,2020,2
Melvyn Sim,,Management Science,Associate Editor,2019,2023,5
Mengze Shi,,Management Science,Associate Editor,2019,2025,7
Michael Ewens,,Management Science,Associate Editor,2024,2025,2
Michael Freeman,,Management Science,Associate Editor,2024,2025,2
Michael Luca,,Management Science,Associate Editor,2024,2025,2
Michael Ludkovski,,Management Science,Associate Editor,2019,2021,3
Michael Sen,,Management Science,Associate Editor,2024,2025,2
Michael Zhang,,Management Science,Associate Editor,2019,2019,1
Michal Matějka,,Management Science,Associate Editor,2019,2025,7
Michelle Rogan,,Management Science,Associate Editor,2019,2022,4
Miloš Fišar,,Management Science,Associate Editor,2020,2025,6
Ming Hu,,Management Science,Associate Editor,2021,2025,7
Mingdi Xin,,Management Science,Associate Editor,2024,2025,2
Mingfeng Lin,,Management Science,Associate Editor,2024,2025,2
Mireia Giné,,Management Science,Associate Editor,2024,2025,2
Mohammad Rahman,,Management Science,Associate Editor,2019,2022,4
Mohsen Bayati,,Management Science,Associate Editor,2019,2025,14
Monic Sun,,Management Science,Associate Editor,2021,2023,3
Mor Armony,,Management Science,Associate Editor,2020,2021,2
Narayan Ramasabbu,,Management Science,Associate Editor,2019,2020,2
Natalia Karelaia,,Management Science,Associate Editor,2024,2025,2
Nathan Wilmers,,Management Science,Associate Editor,2024,2025,2
Navdeep Sahni,,Management Science,Associate Editor,2023,2025,3
Neil Gandal,,Management Science,Associate Editor,2019,2023,5
Neil Stewart,,Management Science,Associate Editor,2019,2025,7
Nichola Petruzzi,,Management Science,Associate Editor,2019,2023,5
Nicholas Petruzzi,,Management Science,Associate Editor,2024,2025,2
Nicola Secomandi,,Management Science,Associate Editor,2019,2025,7
Nicolas Stier-Moses,,Management Science,Associate Editor,2020,2025,6
Nicos Savva,,Management Science,Associate Editor,2019,2024,11
Nikolaos Trichakis,,Management Science,Associate Editor,2021,2025,5
Nitish Jain,,Management Science,Associate Editor,2025,2025,1
Noah Gans,,Management Science,Associate Editor,2024,2025,2
Noah Lim,,Management Science,Associate Editor,2019,2025,7
Noah Stoffman,,Management Science,Associate Editor,2019,2020,2
Nur Sunar,,Management Science,Associate Editor,2024,2025,3
Oded Netzer,,Management Science,Associate Editor,2019,2019,1
Olenka Kacperczyk,,Management Science,Associate Editor,2019,2020,2
Olga Hawn,,Management Science,Associate Editor,2024,2025,2
Olivier L’Haridon,,Management Science,Associate Editor,2024,2025,2
Omar Besbes,,Management Science,Associate Editor,2019,2019,3
Operations Management,,Management Science,Associate Editor,2019,2025,7
Ozalp Ozer,,Management Science,Associate Editor,2019,2023,5
Ozan Candogan,,Management Science,Associate Editor,2024,2025,2
Ozgecan Koçak,,Management Science,Associate Editor,2024,2025,2
Paat Rusmevichientong,,Management Science,Associate Editor,2019,2025,17
Panagiotis Ipeirotis,,Management Science,Associate Editor,2020,2023,4
Panos Ipeirotis,,Management Science,Associate Editor,2019,2025,7
Param Vir Singh,,Management Science,Associate Editor,2019,2025,9
Pascale Crama,,Management Science,Associate Editor,2024,2025,2
Patrick Augustin,,Management Science,Associate Editor,2024,2025,2
Paul Ellickson,,Management Science,Associate Editor,2019,2025,7
Paul Milgrom,,Management Science,Associate Editor,2024,2025,2
Paul Windschitl,,Management Science,Associate Editor,2019,2025,7
Pavel Zhelyazkov,,Management Science,Associate Editor,2024,2025,2
Pedro Ferreira,,Management Science,Associate Editor,2021,2025,5
Pei-Yu Chen,,Management Science,Associate Editor,2019,2025,7
Peng Huang,,Management Science,Associate Editor,2023,2025,3
Peng Shi,,Management Science,Associate Editor,2024,2025,2
Peng Sun,,Management Science,Associate Editor,2019,2022,5
Penn State,,Management Science,Associate Editor,2019,2021,3
Peter Bossaerts,,Management Science,Associate Editor,2020,2023,4
Peter Cramton,,Management Science,Associate Editor,2019,2022,4
Peter Körte,,Management Science,Associate Editor,2024,2025,2
Phebe Vayanos,,Management Science,Associate Editor,2024,2025,2
Philipp Afeche,,Management Science,Associate Editor,2019,2025,11
Philipp Krueger,,Management Science,Associate Editor,2023,2025,3
Philippe Chevalier,,Management Science,Associate Editor,2019,2023,5
Pierre Azoulay,,Management Science,Associate Editor,2019,2019,1
Po-Hsuan Hsu,,Management Science,Associate Editor,2024,2025,2
Prasanna Tambe,,Management Science,Associate Editor,2019,2025,7
Przemyslaw Jeziorski,,Management Science,Associate Editor,2019,2025,7
Péter Biró,,Management Science,Associate Editor,2024,2025,2
Qi Annabelle Feng,,Management Science,Associate Editor,2019,2025,11
R. David McLean,,Management Science,Associate Editor,2019,2025,7
Rachel M. Hayes,,Management Science,Associate Editor,2019,2019,1
Rachelle Sampson,,Management Science,Associate Editor,2019,2023,5
Raffaele Conti,,Management Science,Associate Editor,2020,2025,6
Raffaella Sadun,,Management Science,Associate Editor,2019,2023,5
Raghuram Iyengar,,Management Science,Associate Editor,2021,2023,3
Rainer Haselmann,,Management Science,Associate Editor,2023,2025,3
Ralf Martin,,Management Science,Associate Editor,2024,2025,2
Ramana Nanda,,Management Science,Associate Editor,2019,2023,5
Ramandeep Randhawa,,Management Science,Associate Editor,2019,2021,3
Ramesh Johari,,Management Science,Associate Editor,2019,2023,5
Ranjani Krishnan,,Management Science,Associate Editor,2019,2020,2
Raphael Thomadsen,,Management Science,Associate Editor,2019,2020,2
Reinhard Ploss,,Management Science,Associate Editor,2024,2025,2
Rembrand Koning,,Management Science,Associate Editor,2023,2025,3
Rene Caldentey,,Management Science,Associate Editor,2019,2023,5
Review Blog,,Management Science,Associate Editor,2019,2020,2
Ricardo Alonso,,Management Science,Associate Editor,2024,2025,2
Riccardo Colacito,,Management Science,Associate Editor,2019,2023,5
Richard Thaler,,Management Science,Associate Editor,2019,2025,7
Richard Townsend,,Management Science,Associate Editor,2022,2025,4
Rick Larrick,,Management Science,Associate Editor,2019,2023,5
Rob Shumsky,,Management Science,Associate Editor,2019,2025,7
Robert Bray,,Management Science,Associate Editor,2020,2025,6
Robert Day,,Management Science,Associate Editor,2024,2025,2
Robert Gibbons,,Management Science,Associate Editor,2024,2025,2
Robert Huckman,,Management Science,Associate Editor,2019,2025,14
Robert M. Thrall,,Management Science,Associate Editor,2019,2025,7
Robert Marquez,,Management Science,Associate Editor,2019,2023,5
Robert Metcalfe,,Management Science,Associate Editor,2024,2025,2
Robert Phillips,,Management Science,Associate Editor,2019,2023,5
Robert Seamans,,Management Science,Associate Editor,2020,2025,6
Robert Shumsky,,Management Science,Associate Editor,2019,2025,7
Robert Slonim,,Management Science,Associate Editor,2022,2023,2
Robert Swinney,,Management Science,Associate Editor,2019,2023,5
Robert Zeithammer,,Management Science,Associate Editor,2021,2025,5
Roberto Cavalli,,Management Science,Associate Editor,2024,2025,2
Robyn LeBeouf,,Management Science,Associate Editor,2019,2025,7
Roman Kapuschinski,,Management Science,Associate Editor,2019,2019,1
Roman Kapuscinski,,Management Science,Associate Editor,2020,2025,6
Ron Berman,,Management Science,Associate Editor,2024,2025,2
Rosemarie Ziedonis,,Management Science,Associate Editor,2019,2025,8
Rouba Ibrahim,,Management Science,Associate Editor,2019,2025,7
Ruomeng Cui,,Management Science,Associate Editor,2024,2025,2
Russell Funk,,Management Science,Associate Editor,2024,2025,2
Sabrina Howell,,Management Science,Associate Editor,2020,2021,2
Saed Alizamir,,Management Science,Associate Editor,2024,2025,2
Sam Burer,,Management Science,Associate Editor,2019,2019,1
Sam Ransbotham,,Management Science,Associate Editor,2019,2022,4
Samina Karim,,Management Science,Associate Editor,2024,2025,2
Sang Kim,,Management Science,Associate Editor,2019,2025,7
Sanjay Jain,,Management Science,Associate Editor,2019,2025,7
Sanjiv Das,,Management Science,Associate Editor,2019,2022,4
Sanjiv Erat,,Management Science,Associate Editor,2024,2025,2
Sanjog Misra,,Management Science,Associate Editor,2019,2020,2
Santiago Balseiro,,Management Science,Associate Editor,2020,2025,6
Santiago Gallino,,Management Science,Associate Editor,2022,2025,4
Sarang Deo,,Management Science,Associate Editor,2019,2025,7
Saravanan Kesavan,,Management Science,Associate Editor,2021,2025,5
Saša Pekeč,,Management Science,Associate Editor,2020,2025,6
Scott Joslin,,Management Science,Associate Editor,2019,2021,3
Scott Kominers,,Management Science,Associate Editor,2019,2022,6
Scott Yonker,,Management Science,Associate Editor,2024,2025,2
Sebastian Pokutta,,Management Science,Associate Editor,2020,2023,4
Selale Tuzel,,Management Science,Associate Editor,2019,2025,7
Senthil Veeraraghavan,,Management Science,Associate Editor,2019,2025,9
Sergei Savin,,Management Science,Associate Editor,2019,2024,12
Sergio Azzolari Montoldi,,Management Science,Associate Editor,2024,2025,2
Serhan Ziya,,Management Science,Associate Editor,2019,2025,11
Service Awards,,Management Science,Associate Editor,2019,2020,2
Seth Carnahan,,Management Science,Associate Editor,2019,2023,5
Shai Bernstein,,Management Science,Associate Editor,2020,2023,4
Sharad Goel,,Management Science,Associate Editor,2019,2023,5
Sharique Hasan,,Management Science,Associate Editor,2019,2022,4
Sharon Belenzon,,Management Science,Associate Editor,2019,2025,7
Shipra Agrawal,,Management Science,Associate Editor,2019,2023,5
Shoham Choshen-Hillel,,Management Science,Associate Editor,2024,2025,2
Shouqiang Wang,,Management Science,Associate Editor,2024,2025,2
Silvia Saccardo,,Management Science,Associate Editor,2024,2025,2
Simai He,,Management Science,Associate Editor,2024,2025,2
Simon Grant,,Management Science,Associate Editor,2019,2020,2
Simon Mayer,,Management Science,Associate Editor,2025,2025,1
Sinan Aral,,Management Science,Associate Editor,2019,2019,1
Siva Viswanathan,,Management Science,Associate Editor,2019,2022,4
Snehal Banerjee,,Management Science,Associate Editor,2019,2025,7
Song Ma,,Management Science,Associate Editor,2024,2025,2
Song-Hee Kim,,Management Science,Associate Editor,2021,2025,14
Songfa Zhong,,Management Science,Associate Editor,2021,2025,5
Soo-Haeng Cho,,Management Science,Associate Editor,2019,2025,7
Soroush Saghafian,,Management Science,Associate Editor,2023,2025,6
Sridhar Moorthy,,Management Science,Associate Editor,2019,2023,5
Sridhar Seshadri,,Management Science,Associate Editor,2019,2023,5
Srikanth Jagabathula,,Management Science,Associate Editor,2019,2023,9
Sriram Narayanan,,Management Science,Associate Editor,2019,2021,3
Stanimir Markov,,Management Science,Associate Editor,2019,2021,3
Stathis Tompaidis,,Management Science,Associate Editor,2019,2025,7
Stefan Trautmann,,Management Science,Associate Editor,2019,2025,7
Stefan Wager,,Management Science,Associate Editor,2022,2025,4
Stefano Giglio,,Management Science,Associate Editor,2019,2019,1
Stefanus Jasin,,Management Science,Associate Editor,2019,2025,6
Stephan Meier,,Management Science,Associate Editor,2020,2025,6
Stephan Seiler,,Management Science,Associate Editor,2024,2025,2
Stephanie W. Wang,,Management Science,Associate Editor,2019,2023,5
Stephen Gilbert,,Management Science,Associate Editor,2019,2025,7
Stephen Leider,,Management Science,Associate Editor,2019,2025,7
Steve Chick,,Management Science,Associate Editor,2019,2025,12
Steven Shechter,,Management Science,Associate Editor,2019,2025,7
Stylianos Kavadias,,Management Science,Associate Editor,2019,2023,5
Submission Guidelines,,Management Science,Associate Editor,2019,2020,2
Sumit Agarwal,,Management Science,Associate Editor,2019,2025,7
Sumit Sarkar,,Management Science,Associate Editor,2019,2025,7
Susan Feng Lu,,Management Science,Associate Editor,2021,2025,9
Svenja Sommer,,Management Science,Associate Editor,2024,2025,2
Svenja Sommers,,Management Science,Associate Editor,2020,2023,4
T. J. Wong,,Management Science,Associate Editor,2019,2023,5
Tanjim Hossain,,Management Science,Associate Editor,2019,2025,7
Tanya Menon,,Management Science,Associate Editor,2019,2025,7
Tanya Rosenblat,,Management Science,Associate Editor,2019,2025,7
Tarun Ramadorai,,Management Science,Associate Editor,2019,2019,1
Tat Chan,,Management Science,Associate Editor,2019,2020,2
Teck-Hua Ho,,Management Science,Associate Editor,2019,2025,7
Terrence August,,Management Science,Associate Editor,2019,2025,7
Terrence Hendershott,,Management Science,Associate Editor,2019,2019,1
Terry Taylor,,Management Science,Associate Editor,2019,2025,7
The Boston Consulting Group,,Management Science,Associate Editor,2024,2025,2
Thomas Bourveau,,Management Science,Associate Editor,2024,2025,2
Timothy Chan,,Management Science,Associate Editor,2024,2025,2
Timothy Derdenger,,Management Science,Associate Editor,2019,2025,7
Timothy McQuade,,Management Science,Associate Editor,2021,2023,3
Timothy Simcoe,,Management Science,Associate Editor,2019,2025,14
Tinglong Dai,,Management Science,Associate Editor,2022,2025,7
Tolga Tezcan,,Management Science,Associate Editor,2019,2025,9
Tom Astebro,,Management Science,Associate Editor,2019,2023,5
Tony Cookson,,Management Science,Associate Editor,2024,2025,2
Tony Ke,,Management Science,Associate Editor,2024,2025,2
Tracy Liu,,Management Science,Associate Editor,2021,2025,5
Tunay Tunca,,Management Science,Associate Editor,2019,2025,7
Turan Bali,,Management Science,Associate Editor,2019,2025,7
Turgay Ayer,,Management Science,Associate Editor,2019,2025,7
Umit Gurun,,Management Science,Associate Editor,2019,2023,5
Uri Simonsohn,,Management Science,Associate Editor,2019,2025,7
Urooj Khan,,Management Science,Associate Editor,2022,2025,4
Vahideh Manshadi,,Management Science,Associate Editor,2021,2025,5
Valentin Haddad,,Management Science,Associate Editor,2022,2025,4
Valeri Nikolaev,,Management Science,Associate Editor,2019,2021,3
Velibor Mišić,,Management Science,Associate Editor,2024,2025,2
Veronika Krepely Pool,,Management Science,Associate Editor,2019,2025,7
Vibhanshu Abhishek,,Management Science,Associate Editor,2020,2023,4
Victor DeMiguel,,Management Science,Associate Editor,2019,2025,7
Victor Jose,,Management Science,Associate Editor,2020,2025,6
Victoria Vanasco,,Management Science,Associate Editor,2020,2023,4
Vijay Mookerjee,,Management Science,Associate Editor,2019,2020,2
Vilma Todri,,Management Science,Associate Editor,2024,2025,2
Vinayak Deshpande,,Management Science,Associate Editor,2019,2025,7
Vincent Glode,,Management Science,Associate Editor,2019,2025,7
Vinod Singhal,,Management Science,Associate Editor,2019,2024,6
Virginia Tech,,Management Science,Associate Editor,2024,2025,2
Vish Krishnan,,Management Science,Associate Editor,2019,2025,14
Vishal Agrawal,,Management Science,Associate Editor,2024,2025,2
Vishal Gupta,,Management Science,Associate Editor,2020,2025,6
Vivek Farias,,Management Science,Associate Editor,2019,2023,7
Vivian Fang,,Management Science,Associate Editor,2022,2025,4
Volker Laux,,Management Science,Associate Editor,2019,2021,3
Volodymyr Babich,,Management Science,Associate Editor,2019,2025,7
Wai Fong Boh,,Management Science,Associate Editor,2019,2019,1
Wallace Hopp,,Management Science,Associate Editor,2019,2025,7
Waverly Ding,,Management Science,Associate Editor,2019,2025,7
Web Feed,,Management Science,Associate Editor,2019,2020,2
Wenqiang Xiao,,Management Science,Associate Editor,2019,2025,7
Wilfred Amaldoss,,Management Science,Associate Editor,2019,2025,7
Will Ma,,Management Science,Associate Editor,2023,2025,5
Wonseok Oh,,Management Science,Associate Editor,2024,2025,2
Xavier Giroud,,Management Science,Associate Editor,2019,2020,2
Xi Chen,,Management Science,Associate Editor,2020,2025,8
Xianjun Geng,,Management Science,Associate Editor,2021,2022,2
Xiaole Wu,,Management Science,Associate Editor,2025,2025,1
Xiaowei Zhang,,Management Science,Associate Editor,2024,2025,2
Xiaoyan Zhang,,Management Science,Associate Editor,2019,2025,7
Xiaoyun Yu,,Management Science,Associate Editor,2024,2025,2
Xin Chen,,Management Science,Associate Editor,2019,2025,7
Xiuli Chao,,Management Science,Associate Editor,2020,2025,6
Xiulu Chao,,Management Science,Associate Editor,2019,2019,1
Xiumin Martin,,Management Science,Associate Editor,2020,2025,6
Xuan Tian,,Management Science,Associate Editor,2019,2025,7
Xuanming Su,,Management Science,Associate Editor,2019,2025,7
Xue Wang,,Management Science,Associate Editor,2023,2025,3
Yael Grushka-Cockayne,,Management Science,Associate Editor,2019,2025,7
Yan Huang,,Management Science,Associate Editor,2023,2025,3
Yanchong Karen Zheng,,Management Science,Associate Editor,2019,2025,7
Yang Song,,Management Science,Associate Editor,2024,2025,2
Yao Cui,,Management Science,Associate Editor,2025,2025,1
Yashodhan Kanoria,,Management Science,Associate Editor,2024,2025,2
Yehua Wei,,Management Science,Associate Editor,2019,2025,7
Yesim Orhun,,Management Science,Associate Editor,2024,2025,2
Yiangos Papanastasiou,,Management Science,Associate Editor,2024,2025,2
Yifan Dou,,Management Science,Associate Editor,2024,2025,2
Yonca Ertimur,,Management Science,Associate Editor,2019,2021,3
Yongxiang Wang,,Management Science,Associate Editor,2024,2025,2
Yuan Zhong,,Management Science,Associate Editor,2022,2025,4
Yuhai Xuan,,Management Science,Associate Editor,2019,2025,7
Yuval Rottenstreich,,Management Science,Associate Editor,2024,2025,2
Yuxin Chen,,Management Science,Associate Editor,2024,2025,2
Z. John Zhang,,Management Science,Associate Editor,2024,2025,2
Zacharias Sautner,,Management Science,Associate Editor,2024,2025,2
Zeynep Aksin,,Management Science,Associate Editor,2019,2025,7
Zhengyuan Zhou,,Management Science,Associate Editor,2024,2025,2
Zhi Da,,Management Science,Associate Editor,2020,2025,6
Zhichao Zheng,,Management Science,Associate Editor,2024,2025,2
Zhixi Wan,,Management Science,Associate Editor,2025,2025,1
Zizhuo Wang,,Management Science,Associate Editor,2024,2025,2
Zsolt Katona,,Management Science,Associate Editor,2019,2025,7
Agostino Capponi,,Management Science,Department Editor,2019,2025,7
Alfonso Gambardella,,Management Science,Department Editor,2020,2025,6
Amir Goldberg,,Management Science,Department Editor,2024,2025,2
Anandhi Bharadwaj,,Management Science,Department Editor,2019,2019,1
Anindya Ghose,,Management Science,Department Editor,2020,2025,6
Anita Carson,,Management Science,Department Editor,2024,2025,2
Anita McGahan,,Management Science,Department Editor,2024,2025,2
Ashish Arora,,Management Science,Department Editor,2019,2023,5
Aurélien Baillon,,Management Science,Department Editor,2024,2025,2
Axel Ockenfels,,Management Science,Department Editor,2019,2022,4
Baris Ata,,Management Science,Department Editor,2019,2025,7
Ben Greiner,,Management Science,Department Editor,2020,2023,4
Big Data Analytics,,Management Science,Department Editor,2019,2020,2
Bo Becker,,Management Science,Department Editor,2023,2025,3
Brian Bushee,,Management Science,Department Editor,2019,2020,2
Bruno Biais,,Management Science,Department Editor,2020,2021,2
Camelia Kuhnen,,Management Science,Department Editor,2022,2025,4
Caroline Flammer,,Management Science,Department Editor,2024,2025,2
Carri Chan,,Management Science,Department Editor,2020,2023,4
Charles Corbett,,Management Science,Department Editor,2019,2019,1
Chengguang Li,,Management Science,Department Editor,2024,2025,2
Chris Forman,,Management Science,Department Editor,2019,2019,1
Chung Piaw Teo,,Management Science,Department Editor,2019,2025,7
D. J. Wu,,Management Science,Department Editor,2020,2025,6
Data Science,,Management Science,Department Editor,2021,2025,5
David Sraer,,Management Science,Department Editor,2021,2021,1
Decision Analysis,,Management Science,Department Editor,2019,2020,2
Dmitri Kuksov,,Management Science,Department Editor,2019,2023,5
Dorothea Kübler,,Management Science,Department Editor,2023,2025,3
Duncan Simester,,Management Science,Department Editor,2019,2025,7
Elena Katok,,Management Science,Department Editor,2021,2025,5
Elizabeth Pontikes,,Management Science,Department Editor,2024,2025,2
Eric Anderson,,Management Science,Department Editor,2019,2022,4
Eric So,,Management Science,Department Editor,2021,2023,3
Gabriel Weintraub,,Management Science,Department Editor,2019,2020,2
George Wu,,Management Science,Department Editor,2024,2025,2
Greg Shaffer,,Management Science,Department Editor,2024,2025,2
Greta Hsu,,Management Science,Department Editor,2019,2019,1
Gustavo Manso,,Management Science,Department Editor,2019,2020,2
HEC Paris,,Management Science,Department Editor,2020,2021,2
Hamid Nazerzadeh,,Management Science,Department Editor,2019,2020,2
Haoxiang Zhu,,Management Science,Department Editor,2020,2020,1
Healthcare Management,,Management Science,Department Editor,2019,2025,7
Hemant Bhargava,,Management Science,Department Editor,2021,2025,5
Ilia Tsetlin,,Management Science,Department Editor,2019,2022,4
Information Systems,,Management Science,Department Editor,2019,2025,7
Isabel Fernandez-Mateo,,Management Science,Department Editor,2020,2025,6
Itai Ashlagi,,Management Science,Department Editor,2021,2025,5
J. George Shanthikumar,,Management Science,Department Editor,2019,2023,5
Jack Soll,,Management Science,Department Editor,2024,2025,2
Jan Bouwens,,Management Science,Department Editor,2024,2025,2
Jan Fransoo,,Management Science,Department Editor,2025,2025,1
Jayashankar Swaminathan,,Management Science,Department Editor,2019,2025,7
Jean-Pierre Dubé,,Management Science,Department Editor,2023,2025,3
Jeannette Song,,Management Science,Department Editor,2020,2025,6
John Beshears,,Management Science,Department Editor,2024,2025,2
Joshua Gans,,Management Science,Department Editor,2019,2023,5
Jürgen Mihm,,Management Science,Department Editor,2024,2025,2
Kalyan Talluri,,Management Science,Department Editor,2019,2019,1
Karan Girotra,,Management Science,Department Editor,2021,2025,5
Karl Diether,,Management Science,Department Editor,2019,2019,1
Kartik Hosanagar,,Management Science,Department Editor,2019,2020,2
Kay Giesecke,,Management Science,Department Editor,2019,2025,7
Lamar Pierce,,Management Science,Department Editor,2019,2021,2
Lin William Cong,,Management Science,Department Editor,2022,2025,4
Lukas Schmid,,Management Science,Department Editor,2021,2025,5
Manel Baucells,,Management Science,Department Editor,2019,2023,5
Maria Guadalupe,,Management Science,Department Editor,2024,2025,2
Marie Claire Villeval,,Management Science,Department Editor,2022,2025,4
Martin Bichler,,Management Science,Department Editor,2023,2025,3
Matt Marx,,Management Science,Department Editor,2024,2025,2
Matthew Shum,,Management Science,Department Editor,2019,2020,2
Ming Jiang,,Management Science,Department Editor,2024,2025,2
Nicos Savva,,Management Science,Department Editor,2024,2025,2
Olav Sorenson,,Management Science,Department Editor,2020,2023,4
Omar Besbes,,Management Science,Department Editor,2020,2023,4
Operations Management,,Management Science,Department Editor,2019,2025,7
Peng Sun,,Management Science,Department Editor,2023,2025,3
Ranjani Krishnan,,Management Science,Department Editor,2021,2025,5
Raphael Thomadsen,,Management Science,Department Editor,2021,2025,5
Renee Adams,,Management Science,Department Editor,2019,2019,1
Roberto Weber,,Management Science,Department Editor,2024,2025,2
Sameer Srivastava,,Management Science,Department Editor,2022,2025,4
Shiva Rajgopal,,Management Science,Department Editor,2024,2025,2
Sridhar Tayur,,Management Science,Department Editor,2019,2023,5
Srikanth Jagabathula,,Management Science,Department Editor,2024,2025,2
Stefan Scholtes,,Management Science,Department Editor,2019,2025,7
Stylianos Kavadias,,Management Science,Department Editor,2024,2025,2
Suraj Srinivasan,,Management Science,Department Editor,2019,2023,5
Toby Stuart,,Management Science,Department Editor,2019,2023,5
Tomasz Piskorski,,Management Science,Department Editor,2019,2025,7
Tyler Shumway,,Management Science,Department Editor,2019,2019,1
Victoria Ivashina,,Management Science,Department Editor,2020,2022,3
Vishal Gaur,,Management Science,Department Editor,2019,2020,2
Vivek Farias,,Management Science,Department Editor,2021,2025,5
Wolfram Wiesemann,,Management Science,Department Editor,2024,2025,2
Yan Chen,,Management Science,Department Editor,2019,2022,4
Yuval Rottenstreich,,Management Science,Department Editor,2019,2023,5
Christoph H. Loch,,Management Science,Editor-In-Chief,2024,2025,2
David Simchi-Levi,,Management Science,Editor-In-Chief,2019,2023,5
Toni Riley,,Management Science,Editor-In-Chief,2020,2025,6
Pages B-635-B-749,,Management Science,Editorial Board,2019,2019,30
Pages B-707-C-436,,Management Science,Editorial Board,2019,2019,16
Pages P1-P130,,Management Science,Editorial Board,2019,2019,2
Pages S145-S282,,Management Science,Editorial Board,2019,2019,2
Adam Elmachtoub,,Manufacturing & Service Operations Management,Associate Editor,2021,2026,5
Alan Scheller-Wolf,,Manufacturing & Service Operations Management,Associate Editor,2026,2026,1
Alex Mills,,Manufacturing & Service Operations Management,Associate Editor,2021,2026,5
Alexandre Jacqillat,,Manufacturing & Service Operations Management,Associate Editor,2026,2026,1
Alfonso Pedraza-Martinez,,Manufacturing & Service Operations Management,Associate Editor,2021,2026,5
Andre Calmon,,Manufacturing & Service Operations Management,Associate Editor,2026,2026,1
Andres Musalem,,Manufacturing & Service Operations Management,Associate Editor,2021,2026,5
Andrew Davis,,Manufacturing & Service Operations Management,Associate Editor,2024,2026,2
Andrew Frazelle,,Manufacturing & Service Operations Management,Associate Editor,2026,2026,1
Anita Tucker,,Manufacturing & Service Operations Management,Associate Editor,2019,2020,2
Antoine Desir,,Manufacturing & Service Operations Management,Associate Editor,2024,2026,2
Antonio Moreno,,Manufacturing & Service Operations Management,Associate Editor,2020,2026,6
Anupam Agrawal,,Manufacturing & Service Operations Management,Associate Editor,2026,2026,1
Anyan Qi,,Manufacturing & Service Operations Management,Associate Editor,2024,2026,2
Arzum Akkas,,Manufacturing & Service Operations Management,Associate Editor,2026,2026,1
Atalay Atasu,,Manufacturing & Service Operations Management,Associate Editor,2019,2023,5
Auyon Siddiq,,Manufacturing & Service Operations Management,Associate Editor,2026,2026,1
Baris Ata,,Manufacturing & Service Operations Management,Associate Editor,2019,2019,1
Basak Kalkanci,,Manufacturing & Service Operations Management,Associate Editor,2021,2026,5
Beatrice Allen,,Manufacturing & Service Operations Management,Associate Editor,2021,2022,2
Best Paper Award,,Manufacturing & Service Operations Management,Associate Editor,2019,2020,2
Bob Batt,,Manufacturing & Service Operations Management,Associate Editor,2024,2026,2
Bora Keskin,,Manufacturing & Service Operations Management,Associate Editor,2026,2026,1
Brad Staats,,Manufacturing & Service Operations Management,Associate Editor,2021,2023,3
Bradley Staats,,Manufacturing & Service Operations Management,Associate Editor,2019,2024,3
Burak Kazaz,,Manufacturing & Service Operations Management,Associate Editor,2019,2020,2
Canan Ulu,,Manufacturing & Service Operations Management,Associate Editor,2021,2026,5
Carri Chan,,Manufacturing & Service Operations Management,Associate Editor,2019,2019,1
Chaitanya Bandi,,Manufacturing & Service Operations Management,Associate Editor,2021,2023,3
Chaithanya Bandi,,Manufacturing & Service Operations Management,Associate Editor,2024,2026,2
Chelliah Sriskandarajah,,Manufacturing & Service Operations Management,Associate Editor,2019,2019,1
Christian Terwiesch,,Manufacturing & Service Operations Management,Associate Editor,2019,2020,2
Christopher S. Tang,,Manufacturing & Service Operations Management,Associate Editor,2021,2026,5
Chunyang Tong,,Manufacturing & Service Operations Management,Associate Editor,2021,2026,5
Claire Senot,,Manufacturing & Service Operations Management,Associate Editor,2021,2026,5
Columbia DRO,,Manufacturing & Service Operations Management,Associate Editor,2021,2026,10
Cong Shi,,Manufacturing & Service Operations Management,Associate Editor,2024,2026,2
Cuihong Li,,Manufacturing & Service Operations Management,Associate Editor,2019,2026,7
Dan Iancu,,Manufacturing & Service Operations Management,Associate Editor,2020,2023,4
Dan Zhang,,Manufacturing & Service Operations Management,Associate Editor,2021,2024,4
Daniel Rock,,Manufacturing & Service Operations Management,Associate Editor,2026,2026,1
Daniel Zhuoyu Long,,Manufacturing & Service Operations Management,Associate Editor,2024,2026,2
Daniela Saban,,Manufacturing & Service Operations Management,Associate Editor,2021,2026,5
David Drake,,Manufacturing & Service Operations Management,Associate Editor,2026,2026,1
Dennis Zhang,,Manufacturing & Service Operations Management,Associate Editor,2021,2026,5
Diwas KC,,Manufacturing & Service Operations Management,Associate Editor,2019,2026,7
Dorothee Honhon,,Manufacturing & Service Operations Management,Associate Editor,2021,2023,3
East Asia,,Manufacturing & Service Operations Management,Associate Editor,2026,2026,1
Elena Belavina,,Manufacturing & Service Operations Management,Associate Editor,2021,2026,5
Elena Katok,,Manufacturing & Service Operations Management,Associate Editor,2021,2023,3
Elisa Long,,Manufacturing & Service Operations Management,Associate Editor,2021,2026,5
Elodie Adida Goodman,,Manufacturing & Service Operations Management,Associate Editor,2021,2026,5
Enno Siemsen,,Manufacturing & Service Operations Management,Associate Editor,2024,2026,2
Erica Plambeck,,Manufacturing & Service Operations Management,Associate Editor,2019,2020,2
Erick Delage,,Manufacturing & Service Operations Management,Associate Editor,2021,2026,5
Ethical Guidelines,,Manufacturing & Service Operations Management,Associate Editor,2019,2020,2
Eve Rosenzweig,,Manufacturing & Service Operations Management,Associate Editor,2021,2026,5
Fanyin Zheng,,Manufacturing & Service Operations Management,Associate Editor,2021,2023,3
Fei Gao,,Manufacturing & Service Operations Management,Associate Editor,2026,2026,1
Felipe Caro,,Manufacturing & Service Operations Management,Associate Editor,2019,2023,5
Feryal Erhun,,Manufacturing & Service Operations Management,Associate Editor,2019,2022,4
Florin Ciocan,,Manufacturing & Service Operations Management,Associate Editor,2026,2026,1
Fuqiang Zhang,,Manufacturing & Service Operations Management,Associate Editor,2019,2020,2
Gad Allon,,Manufacturing & Service Operations Management,Associate Editor,2019,2023,5
Gah-Yi Ban,,Manufacturing & Service Operations Management,Associate Editor,2021,2023,3
Galit Yom-Tov,,Manufacturing & Service Operations Management,Associate Editor,2021,2023,3
Geographic Distribution,,Manufacturing & Service Operations Management,Associate Editor,2026,2026,1
Georgia Perakis,,Manufacturing & Service Operations Management,Associate Editor,2019,2020,2
Gerard Cachon,,Manufacturing & Service Operations Management,Associate Editor,2019,2026,7
Gerry Tsoukalas,,Manufacturing & Service Operations Management,Associate Editor,2021,2026,5
Gokce Esenduran,,Manufacturing & Service Operations Management,Associate Editor,2024,2026,2
Goker Aydin,,Manufacturing & Service Operations Management,Associate Editor,2019,2022,4
Gonzalo Romero,,Manufacturing & Service Operations Management,Associate Editor,2026,2026,1
Greys Sosic,,Manufacturing & Service Operations Management,Associate Editor,2019,2020,2
Guangwen Kong,,Manufacturing & Service Operations Management,Associate Editor,2024,2026,2
Guihua Wang,,Manufacturing & Service Operations Management,Associate Editor,2026,2026,1
Guillaume Roels,,Manufacturing & Service Operations Management,Associate Editor,2019,2020,2
Guoming Lai,,Manufacturing & Service Operations Management,Associate Editor,2019,2026,4
Gurhan Kok,,Manufacturing & Service Operations Management,Associate Editor,2019,2020,2
HEC Montreal,,Manufacturing & Service Operations Management,Associate Editor,2021,2026,5
Hamsa Bastani,,Manufacturing & Service Operations Management,Associate Editor,2021,2026,5
Haresh Gurnani,,Manufacturing & Service Operations Management,Associate Editor,2021,2023,3
Henry Lam,,Manufacturing & Service Operations Management,Associate Editor,2021,2026,5
Hessam Bavafa,,Manufacturing & Service Operations Management,Associate Editor,2024,2026,2
Ho-Yin Mak,,Manufacturing & Service Operations Management,Associate Editor,2019,2026,7
Hongmin Li,,Manufacturing & Service Operations Management,Associate Editor,2024,2026,2
Hsaio-Hui Lee,,Manufacturing & Service Operations Management,Associate Editor,2024,2026,2
Hui Zhao,,Manufacturing & Service Operations Management,Associate Editor,2021,2026,5
Hummy Song,,Manufacturing & Service Operations Management,Associate Editor,2026,2026,1
Hyoduk Shin,,Manufacturing & Service Operations Management,Associate Editor,2024,2026,2
Ilan Lobel,,Manufacturing & Service Operations Management,Associate Editor,2021,2023,3
Ishai Menache,,Manufacturing & Service Operations Management,Associate Editor,2026,2026,1
Jake Feldman,,Manufacturing & Service Operations Management,Associate Editor,2021,2026,5
Jan Van Mieghem,,Manufacturing & Service Operations Management,Associate Editor,2019,2020,2
Jason Acimovic,,Manufacturing & Service Operations Management,Associate Editor,2024,2026,2
Jeremie Gallien,,Manufacturing & Service Operations Management,Associate Editor,2019,2020,2
Jiawei Zhang,,Manufacturing & Service Operations Management,Associate Editor,2021,2026,5
Jing Dong,,Manufacturing & Service Operations Management,Associate Editor,2021,2026,5
Jing Wu,,Manufacturing & Service Operations Management,Associate Editor,2024,2026,2
Joe Milner,,Manufacturing & Service Operations Management,Associate Editor,2019,2020,2
Joel Goh,,Manufacturing & Service Operations Management,Associate Editor,2021,2026,5
Joline Uichanco,,Manufacturing & Service Operations Management,Associate Editor,2024,2026,2
Jorge Mejia,,Manufacturing & Service Operations Management,Associate Editor,2024,2026,2
Jose Guajardo,,Manufacturing & Service Operations Management,Associate Editor,2021,2026,5
Juergen Mihm,,Manufacturing & Service Operations Management,Associate Editor,2021,2021,1
Jun Li,,Manufacturing & Service Operations Management,Associate Editor,2020,2024,5
Jurgen Mihm,,Manufacturing & Service Operations Management,Associate Editor,2022,2026,4
Kamilini Ramdas,,Manufacturing & Service Operations Management,Associate Editor,2019,2019,1
Karan Girotra,,Manufacturing & Service Operations Management,Associate Editor,2019,2023,5
Karen Donohue,,Manufacturing & Service Operations Management,Associate Editor,2019,2023,5
Karen Zheng,,Manufacturing & Service Operations Management,Associate Editor,2021,2026,5
Karthik Natarajan,,Manufacturing & Service Operations Management,Associate Editor,2021,2026,5
Kevin Shang,,Manufacturing & Service Operations Management,Associate Editor,2019,2020,2
Kostas Bimpikis,,Manufacturing & Service Operations Management,Associate Editor,2021,2026,5
Kris Ferreira,,Manufacturing & Service Operations Management,Associate Editor,2024,2026,2
Lauren Lu,,Manufacturing & Service Operations Management,Associate Editor,2019,2023,5
Laurens Debo,,Manufacturing & Service Operations Management,Associate Editor,2019,2023,5
Leon Zhu,,Manufacturing & Service Operations Management,Associate Editor,2019,2023,5
Leroy B. Schwarz,,Manufacturing & Service Operations Management,Associate Editor,2019,2026,7
Li Chen,,Manufacturing & Service Operations Management,Associate Editor,2019,2020,2
Lingxiu Dong,,Manufacturing & Service Operations Management,Associate Editor,2019,2026,7
Linwei Xin,,Manufacturing & Service Operations Management,Associate Editor,2021,2026,5
Long He,,Manufacturing & Service Operations Management,Associate Editor,2026,2026,1
Luyi Gui,,Manufacturing & Service Operations Management,Associate Editor,2024,2026,2
Machelle Zellers,,Manufacturing & Service Operations Management,Associate Editor,2023,2026,3
Mahyar Eftekhar,,Manufacturing & Service Operations Management,Associate Editor,2024,2026,2
Manuel Sosa,,Manufacturing & Service Operations Management,Associate Editor,2021,2026,5
Marcelo Olivares,,Manufacturing & Service Operations Management,Associate Editor,2019,2020,2
Maria Mayorga,,Manufacturing & Service Operations Management,Associate Editor,2021,2026,5
Mark Ferguson,,Manufacturing & Service Operations Management,Associate Editor,2019,2019,1
Masha Shunko,,Manufacturing & Service Operations Management,Associate Editor,2021,2023,3
Max Shen,,Manufacturing & Service Operations Management,Associate Editor,2019,2020,2
Maxime Cohen,,Manufacturing & Service Operations Management,Associate Editor,2021,2024,4
Mehmet Gumus,,Manufacturing & Service Operations Management,Associate Editor,2020,2020,1
Meritorious Service Award,,Manufacturing & Service Operations Management,Associate Editor,2019,2020,2
Merve Bodur,,Manufacturing & Service Operations Management,Associate Editor,2026,2026,1
Metin Cakanyildirim,,Manufacturing & Service Operations Management,Associate Editor,2019,2020,2
Michael Toffel,,Manufacturing & Service Operations Management,Associate Editor,2019,2020,2
Michalis Markakis,,Manufacturing & Service Operations Management,Associate Editor,2022,2022,1
Mihalis Markakis,,Manufacturing & Service Operations Management,Associate Editor,2021,2026,4
Mike Toffel,,Manufacturing & Service Operations Management,Associate Editor,2021,2026,5
Mili Mehrotra,,Manufacturing & Service Operations Management,Associate Editor,2021,2026,5
Milind Sohoni,,Manufacturing & Service Operations Management,Associate Editor,2024,2026,2
Ming Hu,,Manufacturing & Service Operations Management,Associate Editor,2019,2026,6
Morvarid Rahmani,,Manufacturing & Service Operations Management,Associate Editor,2026,2026,1
Nan Liu,,Manufacturing & Service Operations Management,Associate Editor,2021,2026,5
Nan Yang,,Manufacturing & Service Operations Management,Associate Editor,2020,2020,1
Necati Ertekin,,Manufacturing & Service Operations Management,Associate Editor,2026,2026,1
Nico Savva,,Manufacturing & Service Operations Management,Associate Editor,2021,2023,3
Nicola Secomandi,,Manufacturing & Service Operations Management,Associate Editor,2019,2023,5
Nicole DeHoratius,,Manufacturing & Service Operations Management,Associate Editor,2019,2023,5
Nicos Savva,,Manufacturing & Service Operations Management,Associate Editor,2019,2020,2
Nikolay Osadchiy,,Manufacturing & Service Operations Management,Associate Editor,2026,2026,1
Nikos Trichakis,,Manufacturing & Service Operations Management,Associate Editor,2021,2026,5
Nitin Bakshi,,Manufacturing & Service Operations Management,Associate Editor,2019,2020,2
Northern America,,Manufacturing & Service Operations Management,Associate Editor,2026,2026,1
Nur Sunar,,Manufacturing & Service Operations Management,Associate Editor,2024,2026,2
OM Forum,,Manufacturing & Service Operations Management,Associate Editor,2019,2020,2
Onesun Steve Yoo,,Manufacturing & Service Operations Management,Associate Editor,2024,2026,2
Onur Boyabatli,,Manufacturing & Service Operations Management,Associate Editor,2019,2020,2
Operations Management,,Manufacturing & Service Operations Management,Associate Editor,2021,2021,1
Opher Baron,,Manufacturing & Service Operations Management,Associate Editor,2019,2026,4
Owen Wu,,Manufacturing & Service Operations Management,Associate Editor,2021,2026,5
Ozalp Ozer,,Manufacturing & Service Operations Management,Associate Editor,2019,2020,2
Ozan Candogan,,Manufacturing & Service Operations Management,Associate Editor,2021,2026,5
Ozge Sahin,,Manufacturing & Service Operations Management,Associate Editor,2021,2023,3
Paat Rusmevichientong,,Manufacturing & Service Operations Management,Associate Editor,2021,2023,3
Panos Kouvelis,,Manufacturing & Service Operations Management,Associate Editor,2019,2020,2
Pelin Pekgun,,Manufacturing & Service Operations Management,Associate Editor,2021,2026,5
Pengfei Guo,,Manufacturing & Service Operations Management,Associate Editor,2021,2026,5
Pengyi Shi,,Manufacturing & Service Operations Management,Associate Editor,2024,2026,2
Pinar Keskinocak,,Manufacturing & Service Operations Management,Associate Editor,2019,2019,1
Pnina Feldman,,Manufacturing & Service Operations Management,Associate Editor,2021,2026,5
Qi Annabelle Feng,,Manufacturing & Service Operations Management,Associate Editor,2021,2026,5
Qiuping Yu,,Manufacturing & Service Operations Management,Associate Editor,2024,2026,2
Rachel Chen,,Manufacturing & Service Operations Management,Associate Editor,2020,2020,1
Rachel Zhang,,Manufacturing & Service Operations Management,Associate Editor,2021,2026,5
Rene Caldentey,,Manufacturing & Service Operations Management,Associate Editor,2019,2020,2
Renyu Zhang,,Manufacturing & Service Operations Management,Associate Editor,2026,2026,1
Review Blog,,Manufacturing & Service Operations Management,Associate Editor,2019,2020,2
Richard Steinberg,,Manufacturing & Service Operations Management,Associate Editor,2019,2019,1
Robert Bray,,Manufacturing & Service Operations Management,Associate Editor,2024,2026,2
Robert Swinney,,Manufacturing & Service Operations Management,Associate Editor,2019,2023,5
Rogelio Oliva,,Manufacturing & Service Operations Management,Associate Editor,2021,2023,3
Roman Kapuscinski,,Manufacturing & Service Operations Management,Associate Editor,2019,2020,2
Rouba Ibrahim,,Manufacturing & Service Operations Management,Associate Editor,2019,2023,5
Ruomeng Cui,,Manufacturing & Service Operations Management,Associate Editor,2021,2026,5
Ryan Buell,,Manufacturing & Service Operations Management,Associate Editor,2020,2024,5
S. Alex Yang,,Manufacturing & Service Operations Management,Associate Editor,2020,2020,1
Safak Yucel,,Manufacturing & Service Operations Management,Associate Editor,2024,2026,2
Saibal Ray,,Manufacturing & Service Operations Management,Associate Editor,2019,2020,2
Saif Benjaafar,,Manufacturing & Service Operations Management,Associate Editor,2019,2019,1
Sang Kim,,Manufacturing & Service Operations Management,Associate Editor,2019,2020,2
Santiago Balseiro,,Manufacturing & Service Operations Management,Associate Editor,2021,2026,5
Santiago Gallino,,Manufacturing & Service Operations Management,Associate Editor,2021,2026,5
Sarang Deo,,Manufacturing & Service Operations Management,Associate Editor,2019,2026,7
Saravanan Kesavan,,Manufacturing & Service Operations Management,Associate Editor,2019,2026,4
Saurabh Bansal,,Manufacturing & Service Operations Management,Associate Editor,2021,2026,5
Senthil Veeraraghavan,,Manufacturing & Service Operations Management,Associate Editor,2019,2020,2
Sergei Savin,,Manufacturing & Service Operations Management,Associate Editor,2019,2026,4
Serguei Netessine,,Manufacturing & Service Operations Management,Associate Editor,2019,2020,2
Shi Chen,,Manufacturing & Service Operations Management,Associate Editor,2024,2026,2
Shiliang Cui,,Manufacturing & Service Operations Management,Associate Editor,2024,2026,2
Shouqiang Wang,,Manufacturing & Service Operations Management,Associate Editor,2021,2026,5
Shuya Yin,,Manufacturing & Service Operations Management,Associate Editor,2019,2020,2
Siqian Shen,,Manufacturing & Service Operations Management,Associate Editor,2021,2026,5
So Yeon Chun,,Manufacturing & Service Operations Management,Associate Editor,2021,2026,5
Song Hee Kim,,Manufacturing & Service Operations Management,Associate Editor,2021,2026,5
Soo-Haeng Cho,,Manufacturing & Service Operations Management,Associate Editor,2019,2020,2
South Asia,,Manufacturing & Service Operations Management,Associate Editor,2026,2026,1
Srikanth Jagabathula,,Manufacturing & Service Operations Management,Associate Editor,2024,2026,2
Sriram Narayanan,,Manufacturing & Service Operations Management,Associate Editor,2021,2026,5
Stefanus Jasin,,Manufacturing & Service Operations Management,Associate Editor,2021,2026,5
Stelios Kavadias,,Manufacturing & Service Operations Management,Associate Editor,2021,2026,5
Stephen C. Graves,,Manufacturing & Service Operations Management,Associate Editor,2019,2026,7
Stephen Leider,,Manufacturing & Service Operations Management,Associate Editor,2019,2026,4
Stylianos Kavadias,,Manufacturing & Service Operations Management,Associate Editor,2019,2020,2
Sub-Saharan Africa,,Manufacturing & Service Operations Management,Associate Editor,2026,2026,1
Submission Guidelines,,Manufacturing & Service Operations Management,Associate Editor,2019,2020,2
Suresh Muthulingam,,Manufacturing & Service Operations Management,Associate Editor,2024,2026,2
Survat Dhanorkar,,Manufacturing & Service Operations Management,Associate Editor,2024,2024,1
Susan Feng Lu,,Manufacturing & Service Operations Management,Associate Editor,2026,2026,1
Susan Lu,,Manufacturing & Service Operations Management,Associate Editor,2021,2024,4
Suvrat Dhanorkar,,Manufacturing & Service Operations Management,Associate Editor,2026,2026,1
Sébastien Martin,,Manufacturing & Service Operations Management,Associate Editor,2026,2026,1
TU Eindhoven,,Manufacturing & Service Operations Management,Associate Editor,2021,2022,2
Tamer Boyaci,,Manufacturing & Service Operations Management,Associate Editor,2021,2026,5
Tarkan Tan,,Manufacturing & Service Operations Management,Associate Editor,2021,2026,5
Tava Olsen,,Manufacturing & Service Operations Management,Associate Editor,2019,2019,1
Technion IIT,,Manufacturing & Service Operations Management,Associate Editor,2021,2023,3
Terry Taylor,,Manufacturing & Service Operations Management,Associate Editor,2019,2020,2
Tianshu Sun,,Manufacturing & Service Operations Management,Associate Editor,2024,2026,2
Tim Huh,,Manufacturing & Service Operations Management,Associate Editor,2021,2023,3
Timothy Chan,,Manufacturing & Service Operations Management,Associate Editor,2021,2026,5
Tingliang Huang,,Manufacturing & Service Operations Management,Associate Editor,2024,2026,2
Tinglong Dai,,Manufacturing & Service Operations Management,Associate Editor,2021,2024,4
Tom Tan,,Manufacturing & Service Operations Management,Associate Editor,2024,2026,2
Tugce Martagan,,Manufacturing & Service Operations Management,Associate Editor,2026,2026,1
Tunay Tunca,,Manufacturing & Service Operations Management,Associate Editor,2019,2023,5
Turgay Ayer,,Manufacturing & Service Operations Management,Associate Editor,2020,2023,4
Vahideh Manshadi,,Manufacturing & Service Operations Management,Associate Editor,2021,2023,3
Van Anh Truong,,Manufacturing & Service Operations Management,Associate Editor,2021,2023,3
Velibor Misic,,Manufacturing & Service Operations Management,Associate Editor,2021,2026,5
Victor Araman,,Manufacturing & Service Operations Management,Associate Editor,2021,2026,5
Victor Martinez-de-Albeniz,,Manufacturing & Service Operations Management,Associate Editor,2019,2020,2
Vinayak Deshpande,,Manufacturing & Service Operations Management,Associate Editor,2019,2023,5
Vinod Singhal,,Manufacturing & Service Operations Management,Associate Editor,2019,2019,1
Vishal Agrawal,,Manufacturing & Service Operations Management,Associate Editor,2019,2026,7
Vishal Gupta,,Manufacturing & Service Operations Management,Associate Editor,2021,2026,5
Vlad Babich,,Manufacturing & Service Operations Management,Associate Editor,2021,2026,5
Volodymyr Babich,,Manufacturing & Service Operations Management,Associate Editor,2019,2020,2
Web Feed,,Manufacturing & Service Operations Management,Associate Editor,2019,2020,2
Wei Sun,,Manufacturing & Service Operations Management,Associate Editor,2026,2026,1
Weijun Xie,,Manufacturing & Service Operations Management,Associate Editor,2026,2026,1
Weiming Zhu,,Manufacturing & Service Operations Management,Associate Editor,2026,2026,1
Wolfram Wiesemann,,Manufacturing & Service Operations Management,Associate Editor,2021,2023,3
Xuanming Su,,Manufacturing & Service Operations Management,Associate Editor,2019,2023,5
Yao Cui,,Manufacturing & Service Operations Management,Associate Editor,2024,2026,2
Yiangos Papanastasiou,,Manufacturing & Service Operations Management,Associate Editor,2024,2026,2
Yichuan Ding,,Manufacturing & Service Operations Management,Associate Editor,2021,2026,5
Yiling Zhang,,Manufacturing & Service Operations Management,Associate Editor,2026,2026,1
Ying Rong,,Manufacturing & Service Operations Management,Associate Editor,2026,2026,1
Ying-Ju Chen,,Manufacturing & Service Operations Management,Associate Editor,2019,2026,7
Yossi Aviv,,Manufacturing & Service Operations Management,Associate Editor,2021,2023,3
Yuqian Xu,,Manufacturing & Service Operations Management,Associate Editor,2026,2026,1
Zeynep Aksin Karaesmen,,Manufacturing & Service Operations Management,Associate Editor,2019,2026,7
Zhenyu Hu,,Manufacturing & Service Operations Management,Associate Editor,2024,2026,2
Zhichao Zheng,,Manufacturing & Service Operations Management,Associate Editor,2026,2026,1
Zizhuo Wang,,Manufacturing & Service Operations Management,Associate Editor,2021,2023,3
Ananth Raman,,Manufacturing & Service Operations Management,Department Editor,2021,2026,5
Anita Tucker,,Manufacturing & Service Operations Management,Department Editor,2021,2021,1
Anita Tucker Carson,,Manufacturing & Service Operations Management,Department Editor,2022,2023,2
Atalay Atasu,,Manufacturing & Service Operations Management,Department Editor,2026,2026,1
Brian Tomlin,,Manufacturing & Service Operations Management,Department Editor,2019,2020,2
Dorothee Honhon,,Manufacturing & Service Operations Management,Department Editor,2024,2026,3
ESMT Berlin,,Manufacturing & Service Operations Management,Department Editor,2021,2024,4
Felipe Caro,,Manufacturing & Service Operations Management,Department Editor,2024,2026,2
Feryal Erhun,,Manufacturing & Service Operations Management,Department Editor,2023,2026,3
Guillaume Roels,,Manufacturing & Service Operations Management,Department Editor,2021,2023,3
Hau Lee,,Manufacturing & Service Operations Management,Department Editor,2019,2020,2
Huseyin Topaloglu,,Manufacturing & Service Operations Management,Department Editor,2021,2026,5
Jun Li,,Manufacturing & Service Operations Management,Department Editor,2026,2026,1
Jérémie Gallien,,Manufacturing & Service Operations Management,Department Editor,2021,2026,5
Kamalini Ramdas,,Manufacturing & Service Operations Management,Department Editor,2020,2026,6
L. Beril Toktay,,Manufacturing & Service Operations Management,Department Editor,2021,2024,4
Lauren Lu,,Manufacturing & Service Operations Management,Department Editor,2024,2026,2
Mahesh Nagarajan,,Manufacturing & Service Operations Management,Department Editor,2021,2026,5
Marcelo Olivares,,Manufacturing & Service Operations Management,Department Editor,2021,2026,5
Maxime Cohen,,Manufacturing & Service Operations Management,Department Editor,2026,2026,1
Melvyn Sim,,Manufacturing & Service Operations Management,Department Editor,2021,2026,5
Mor Armony,,Manufacturing & Service Operations Management,Department Editor,2021,2026,5
Morris Cohen,,Manufacturing & Service Operations Management,Department Editor,2019,2020,2
Operational Innovation,,Manufacturing & Service Operations Management,Department Editor,2024,2026,2
Pavithra Harsha,,Manufacturing & Service Operations Management,Department Editor,2021,2026,5
Practice Platform,,Manufacturing & Service Operations Management,Department Editor,2021,2026,5
Robert Swinney,,Manufacturing & Service Operations Management,Department Editor,2024,2026,2
Ryan Buell,,Manufacturing & Service Operations Management,Department Editor,2026,2026,1
Tinglong Dai,,Manufacturing & Service Operations Management,Department Editor,2026,2026,1
Wedad Elmaghraby,,Manufacturing & Service Operations Management,Department Editor,2021,2026,5
Christopher S. Tang,,Manufacturing & Service Operations Management,Editor-In-Chief,2019,2020,2
Georgia Perakis,,Manufacturing & Service Operations Management,Editor-In-Chief,2021,2026,5
Alberto Del Pia,,Mathematical Programming,Associate Editor,2025,2025,1
Alois Pichler,,Mathematical Programming,Associate Editor,2025,2025,1
Amitabh Basu,,Mathematical Programming,Associate Editor,2025,2025,1
Anthony So,,Mathematical Programming,Associate Editor,2025,2025,1
Damek Shea Davis,,Mathematical Programming,Associate Editor,2025,2025,1
Defeng Sun,,Mathematical Programming,Associate Editor,2025,2025,1
Edouard Pauwels,,Mathematical Programming,Associate Editor,2025,2025,1
Fatma Kilinc-Karzan,,Mathematical Programming,Associate Editor,2025,2025,1
Frank Curtis,,Mathematical Programming,Associate Editor,2025,2025,1
Frank Vallentin,,Mathematical Programming,Associate Editor,2025,2025,1
George Lan,,Mathematical Programming,Associate Editor,2025,2025,1
Giacomo Zambelli,,Mathematical Programming,Associate Editor,2025,2025,1
Huifu Xu,,Mathematical Programming,Associate Editor,2025,2025,1
Jerome Bolte,,Mathematical Programming,Associate Editor,2025,2025,1
Juan Pablo Vielma,,Mathematical Programming,Associate Editor,2025,2025,1
Karthik Natarajan,,Mathematical Programming,Associate Editor,2025,2025,1
Laura Sanità,,Mathematical Programming,Associate Editor,2025,2025,1
Lin Xiao,,Mathematical Programming,Associate Editor,2025,2025,1
Luis Nunes Vicente,,Mathematical Programming,Associate Editor,2025,2025,1
László Végh,,Mathematical Programming,Associate Editor,2025,2025,1
Mikhail Solodov,,Mathematical Programming,Associate Editor,2025,2025,1
Monique Laurent,,Mathematical Programming,Associate Editor,2025,2025,1
Nicolas Boumal,,Mathematical Programming,Associate Editor,2025,2025,1
Pascal Van Hentenryck,,Mathematical Programming,Associate Editor,2025,2025,1
Peyman Mohajerin Esfahani,,Mathematical Programming,Associate Editor,2025,2025,1
Radu Bot,,Mathematical Programming,Associate Editor,2025,2025,1
Rui Gao,,Mathematical Programming,Associate Editor,2025,2025,1
Samuel Burer,,Mathematical Programming,Associate Editor,2025,2025,1
Santanu Dey,,Mathematical Programming,Associate Editor,2025,2025,1
Satoru Iwata,,Mathematical Programming,Associate Editor,2025,2025,1
Sebastian Pokutta,,Mathematical Programming,Associate Editor,2025,2025,1
Simge Kucukyavuz,,Mathematical Programming,Associate Editor,2025,2025,1
Weijun Xie,,Mathematical Programming,Associate Editor,2025,2025,1
Xudong Li,,Mathematical Programming,Associate Editor,2025,2025,1
Ying Cui,,Mathematical Programming,Associate Editor,2025,2025,1
Yuri Faenza,,Mathematical Programming,Associate Editor,2025,2025,1
Alper Atamturk,,Mathematical Programming,Editorial Board,2025,2025,1
Amir Beck,,Mathematical Programming,Editorial Board,2025,2025,1
Andrea Lodi,,Mathematical Programming,Editorial Board,2025,2025,1
Daniel Kuhn,,Mathematical Programming,Editorial Board,2025,2025,1
Jens Vygen,,Mathematical Programming,Editorial Board,2025,2025,1
Katya Scheinberg,,Mathematical Programming,Editorial Board,2025,2025,1
Kim-Chuan Toh,,Mathematical Programming,Editorial Board,2025,2025,1
Volker Kaibel,,Mathematical Programming,Editorial Board,2025,2025,1
A. Shapiro,,Mathematical Programming,Senior Editor,2025,2025,1
D. Goldfarb,,Mathematical Programming,Senior Editor,2025,2025,2
D. Ralph,,Mathematical Programming,Senior Editor,2025,2025,1
J. Lee,,Mathematical Programming,Senior Editor,2025,2025,1
J.-S. Pang,,Mathematical Programming,Senior Editor,2025,2025,1
J.R. Birge,,Mathematical Programming,Senior Editor,2025,2025,1
K.M. Anstreicher,,Mathematical Programming,Senior Editor,2025,2025,1
L. A. Wolsey,,Mathematical Programming,Senior Editor,2025,2025,2
M. Grötschel,,Mathematical Programming,Senior Editor,2025,2025,1
M. J. Todd,,Mathematical Programming,Senior Editor,2025,2025,2
M.L. Balinski,,Mathematical Programming,Senior Editor,2025,2025,2
R.E. Bixby,,Mathematical Programming,Senior Editor,2025,2025,1
R.W. Cottle,,Mathematical Programming,Senior Editor,2025,2025,1
S. Leyffer,,Mathematical Programming,Senior Editor,2025,2025,1
S.J. Wright,,Mathematical Programming,Senior Editor,2025,2025,1
W.J. Cook,,Mathematical Programming,Senior Editor,2025,2025,1
W.R. Pulleyblank,,Mathematical Programming,Senior Editor,2025,2025,1
Alan J. Hoffman,,Mathematics of Operations Research,Advisory Editor,2019,2024,5
Alvin E. Roth,,Mathematics of Operations Research,Advisory Editor,2019,2026,6
Announcements Archive,,Mathematics of Operations Research,Advisory Editor,2019,2020,2
Arthur F. Veinott Jr.,,Mathematics of Operations Research,Advisory Editor,2021,2026,4
East Asia,,Mathematics of Operations Research,Advisory Editor,2026,2026,1
Ethical Guidelines,,Mathematics of Operations Research,Advisory Editor,2019,2020,2
Geographic Distribution,,Mathematics of Operations Research,Advisory Editor,2026,2026,1
Gérard Cornuéjols,,Mathematics of Operations Research,Advisory Editor,2021,2026,4
Hayes Simpson,,Mathematics of Operations Research,Advisory Editor,2024,2026,2
Jan Karel Lenstra,,Mathematics of Operations Research,Advisory Editor,2021,2026,4
Nimrod Megiddo,,Mathematics of Operations Research,Advisory Editor,2021,2026,4
Northern America,,Mathematics of Operations Research,Advisory Editor,2026,2026,1
Peter W. Glyn,,Mathematics of Operations Research,Advisory Editor,2026,2026,1
Peter W. Glynn,,Mathematics of Operations Research,Advisory Editor,2019,2024,5
Richard M. Karp,,Mathematics of Operations Research,Advisory Editor,2019,2026,6
Robert J. Aumann,,Mathematics of Operations Research,Advisory Editor,2019,2026,6
Ronald L. Graham,,Mathematics of Operations Research,Advisory Editor,2019,2024,5
Ruth Williams,,Mathematics of Operations Research,Advisory Editor,2019,2026,6
South Asia,,Mathematics of Operations Research,Advisory Editor,2026,2026,1
Stephen M. Robinson,,Mathematics of Operations Research,Advisory Editor,2021,2026,4
Sub-Saharan Africa,,Mathematics of Operations Research,Advisory Editor,2026,2026,1
Submission Guidelines,,Mathematics of Operations Research,Advisory Editor,2019,2020,2
Uriel G. Rothblum,,Mathematics of Operations Research,Advisory Editor,2021,2026,4
Ward Whitt,,Mathematics of Operations Research,Advisory Editor,2019,2026,6
Web Feed,,Mathematics of Operations Research,Advisory Editor,2019,2020,2
Amitabh Basu,,Mathematics of Operations Research,Area Editor,2024,2026,2
Benjamin Van Roy,,Mathematics of Operations Research,Area Editor,2019,2019,1
Continuous Optimization,,Mathematics of Operations Research,Area Editor,2019,2026,6
David Gamarnik,,Mathematics of Operations Research,Area Editor,2024,2026,2
Discrete Optimization,,Mathematics of Operations Research,Area Editor,2019,2026,6
Frank Curtis,,Mathematics of Operations Research,Area Editor,2024,2026,2
Game Theory,,Mathematics of Operations Research,Area Editor,2019,2026,6
George Lan,,Mathematics of Operations Research,Area Editor,2026,2026,1
Henry Lam,,Mathematics of Operations Research,Area Editor,2026,2026,1
Jens Vygen,,Mathematics of Operations Research,Area Editor,2019,2022,4
Jose Blanchet,,Mathematics of Operations Research,Area Editor,2020,2024,4
José Correa,,Mathematics of Operations Research,Area Editor,2019,2022,4
Kavita Ramanan,,Mathematics of Operations Research,Area Editor,2019,2019,1
Learning Theory,,Mathematics of Operations Research,Area Editor,2019,2026,6
Marco Scarsini,,Mathematics of Operations Research,Area Editor,2024,2026,2
Michael Friedlander,,Mathematics of Operations Research,Area Editor,2019,2022,4
Panayotis Mertikopoulos,,Mathematics of Operations Research,Area Editor,2026,2026,1
Peter Bartlett,,Mathematics of Operations Research,Area Editor,2020,2022,3
Rayadurgam Srikant,,Mathematics of Operations Research,Area Editor,2024,2024,1
Shie Mannor,,Mathematics of Operations Research,Area Editor,2019,2019,1
Stochastic Models,,Mathematics of Operations Research,Area Editor,2019,2026,6
Aida Khajavirad,,Mathematics of Operations Research,Associate Editor,2026,2026,1
Alberto Del Pia,,Mathematics of Operations Research,Associate Editor,2026,2026,1
Amarjit Budhiraja,,Mathematics of Operations Research,Associate Editor,2026,2026,1
Amber L. Puha,,Mathematics of Operations Research,Associate Editor,2026,2026,1
Anthony Man-Cho So,,Mathematics of Operations Research,Associate Editor,2026,2026,1
Ben Moseley,,Mathematics of Operations Research,Associate Editor,2026,2026,1
Bettina Klaus,,Mathematics of Operations Research,Associate Editor,2026,2026,1
Boris Hanin,,Mathematics of Operations Research,Associate Editor,2026,2026,1
Bruno Ziliotto,,Mathematics of Operations Research,Associate Editor,2026,2026,1
Catherine Rainer,,Mathematics of Operations Research,Associate Editor,2026,2026,1
Continuous Optimization,,Mathematics of Operations Research,Associate Editor,2019,2026,6
Daniel Dadush,,Mathematics of Operations Research,Associate Editor,2026,2026,1
Daniel H. Lacker,,Mathematics of Operations Research,Associate Editor,2026,2026,1
Daniel Robinson,,Mathematics of Operations Research,Associate Editor,2026,2026,1
Daniela Saban,,Mathematics of Operations Research,Associate Editor,2026,2026,1
David Kempe,,Mathematics of Operations Research,Associate Editor,2026,2026,1
David Leslie,,Mathematics of Operations Research,Associate Editor,2026,2026,1
David Shmoys,,Mathematics of Operations Research,Associate Editor,2026,2026,1
Didier Henrion,,Mathematics of Operations Research,Associate Editor,2026,2026,1
Discrete Optimization,,Mathematics of Operations Research,Associate Editor,2019,2026,6
Dmitriy Drusvyatskiy,,Mathematics of Operations Research,Associate Editor,2026,2026,1
Dylan Possamai,,Mathematics of Operations Research,Associate Editor,2026,2026,1
ETH Zürich,,Mathematics of Operations Research,Associate Editor,2026,2026,2
Edith Elkind,,Mathematics of Operations Research,Associate Editor,2026,2026,1
Eilon Solan,,Mathematics of Operations Research,Associate Editor,2026,2026,1
Eran Shmaya,,Mathematics of Operations Research,Associate Editor,2026,2026,1
Erhan Bayraktar,,Mathematics of Operations Research,Associate Editor,2026,2026,1
Eugene Feinberg,,Mathematics of Operations Research,Associate Editor,2026,2026,1
Fatma Kilinc-Karzan,,Mathematics of Operations Research,Associate Editor,2026,2026,1
Francesca Parise,,Mathematics of Operations Research,Associate Editor,2026,2026,1
Game Theory,,Mathematics of Operations Research,Associate Editor,2019,2026,6
Giacomo Nannicini,,Mathematics of Operations Research,Associate Editor,2026,2026,1
Giacomo Zambelli,,Mathematics of Operations Research,Associate Editor,2026,2026,1
Gilles Stoltz,,Mathematics of Operations Research,Associate Editor,2026,2026,1
Google Zürich,,Mathematics of Operations Research,Associate Editor,2026,2026,1
Guanyang Wang,,Mathematics of Operations Research,Associate Editor,2026,2026,1
Guodong Pang,,Mathematics of Operations Research,Associate Editor,2026,2026,1
Hiroshi Hirai,,Mathematics of Operations Research,Associate Editor,2026,2026,1
Irene Lo,,Mathematics of Operations Research,Associate Editor,2026,2026,1
James Luedtke,,Mathematics of Operations Research,Associate Editor,2026,2026,1
Jean-Jacques Herings,,Mathematics of Operations Research,Associate Editor,2026,2026,1
Jean-Philippe P. Richard,,Mathematics of Operations Research,Associate Editor,2026,2026,1
Jiawang Nie,,Mathematics of Operations Research,Associate Editor,2026,2026,1
Jing Dong,,Mathematics of Operations Research,Associate Editor,2026,2026,1
Johannes Milz,,Mathematics of Operations Research,Associate Editor,2026,2026,1
Johannes Wiesel,,Mathematics of Operations Research,Associate Editor,2026,2026,1
José Correa,,Mathematics of Operations Research,Associate Editor,2026,2026,1
Karthyek Murthy,,Mathematics of Operations Research,Associate Editor,2026,2026,1
Laura Sanità,,Mathematics of Operations Research,Associate Editor,2026,2026,1
Learning Theory,,Mathematics of Operations Research,Associate Editor,2019,2026,6
László Végh,,Mathematics of Operations Research,Associate Editor,2026,2026,1
Marcel Nutz,,Mathematics of Operations Research,Associate Editor,2026,2026,1
Mert Gurbuzbalaban,,Mathematics of Operations Research,Associate Editor,2026,2026,1
Mete Soner,,Mathematics of Operations Research,Associate Editor,2026,2026,1
Michal Feldman,,Mathematics of Operations Research,Associate Editor,2026,2026,1
Naci Saldi,,Mathematics of Operations Research,Associate Editor,2026,2026,1
Necdet Serhat Aybat,,Mathematics of Operations Research,Associate Editor,2026,2026,1
New Brunswick,,Mathematics of Operations Research,Associate Editor,2026,2026,1
Ozan Candogan,,Mathematics of Operations Research,Associate Editor,2026,2026,1
Panayotis Mertikopoulos,,Mathematics of Operations Research,Associate Editor,2026,2026,1
Patrick Mehlitz,,Mathematics of Operations Research,Associate Editor,2026,2026,1
Paul Dütting,,Mathematics of Operations Research,Associate Editor,2026,2026,1
Philip A. Ernst,,Mathematics of Operations Research,Associate Editor,2026,2026,1
Philipp Strack,,Mathematics of Operations Research,Associate Editor,2026,2026,1
Philipps-Universität Marburg,,Mathematics of Operations Research,Associate Editor,2026,2026,1
Pierre Cardaliaguet,,Mathematics of Operations Research,Associate Editor,2026,2026,1
Qiaomin Xie,,Mathematics of Operations Research,Associate Editor,2026,2026,1
Rama Cont,,Mathematics of Operations Research,Associate Editor,2026,2026,1
Renyuan Xu,,Mathematics of Operations Research,Associate Editor,2026,2026,1
Ruodu Wang,,Mathematics of Operations Research,Associate Editor,2026,2026,1
Ruta Mehta,,Mathematics of Operations Research,Associate Editor,2026,2026,1
Santanu Dey,,Mathematics of Operations Research,Associate Editor,2026,2026,1
Satoru Iwata,,Mathematics of Operations Research,Associate Editor,2026,2026,1
Satyen Kalen,,Mathematics of Operations Research,Associate Editor,2026,2026,1
Shoham Sabach,,Mathematics of Operations Research,Associate Editor,2026,2026,1
Siva Theja Maguluri,,Mathematics of Operations Research,Associate Editor,2026,2026,1
Stochastic Models,,Mathematics of Operations Research,Associate Editor,2019,2026,6
Thaleia Zariphopoulou,,Mathematics of Operations Research,Associate Editor,2026,2026,1
Tim Hoheisel,,Mathematics of Operations Research,Associate Editor,2026,2026,1
Ting Kei Pong,,Mathematics of Operations Research,Associate Editor,2026,2026,1
Tobias Harks,,Mathematics of Operations Research,Associate Editor,2026,2026,1
Uday Shanbhag,,Mathematics of Operations Research,Associate Editor,2026,2026,1
Universität Passau,,Mathematics of Operations Research,Associate Editor,2026,2026,1
Vahab Mirrokni,,Mathematics of Operations Research,Associate Editor,2026,2026,1
Vasilis Syrgkanis,,Mathematics of Operations Research,Associate Editor,2026,2026,1
Vera Traub,,Mathematics of Operations Research,Associate Editor,2026,2026,1
Vianney Perchet,,Mathematics of Operations Research,Associate Editor,2026,2026,1
Vijay Subramanian,,Mathematics of Operations Research,Associate Editor,2026,2026,1
Viswanath Nagarajan,,Mathematics of Operations Research,Associate Editor,2026,2026,1
Warut Suksompong,,Mathematics of Operations Research,Associate Editor,2026,2026,1
Weina Wang,,Mathematics of Operations Research,Associate Editor,2026,2026,1
Wenpin Tang,,Mathematics of Operations Research,Associate Editor,2026,2026,1
Yakov Babichenko,,Mathematics of Operations Research,Associate Editor,2026,2026,1
Yangyang Xu,,Mathematics of Operations Research,Associate Editor,2026,2026,1
Yiping Lu,,Mathematics of Operations Research,Associate Editor,2026,2026,1
Yu Yokoi,,Mathematics of Operations Research,Associate Editor,2026,2026,1
Zhaosong Lu,,Mathematics of Operations Research,Associate Editor,2026,2026,1
Zhengyuan Zhou,,Mathematics of Operations Research,Associate Editor,2026,2026,1
Zuoquan Xu,,Mathematics of Operations Research,Associate Editor,2026,2026,1
Harold S. Mohler Laboratory,,Mathematics of Operations Research,Editor-In-Chief,2019,2019,1
Jose Blanchet,,Mathematics of Operations Research,Editor-In-Chief,2026,2026,1
Katya Scheinberg,,Mathematics of Operations Research,Editor-In-Chief,2019,2024,5
Achal Bassamboo,,Naval Research Logistics,Associate Editor,2022,2024,2
Ali Makhdoumi,,Naval Research Logistics,Associate Editor,2024,2024,1
Ana Muriel,,Naval Research Logistics,Associate Editor,2022,2024,2
Ana Viana,,Naval Research Logistics,Associate Editor,2022,2022,1
Antigua And Barbuda,,Naval Research Logistics,Associate Editor,2024,2024,1
Anton J. Kleywegt,,Naval Research Logistics,Associate Editor,2022,2024,2
Bin Hu,,Naval Research Logistics,Associate Editor,2022,2024,2
Bo Henry Lindqvist,,Naval Research Logistics,Associate Editor,2022,2024,2
Bosnia And Herzegovina,,Naval Research Logistics,Associate Editor,2024,2024,1
Bouvet Island,,Naval Research Logistics,Associate Editor,2024,2024,1
British Indian Ocean Territory,,Naval Research Logistics,Associate Editor,2024,2024,1
Brunei Darussalam,,Naval Research Logistics,Associate Editor,2024,2024,1
Burkina Faso,,Naval Research Logistics,Associate Editor,2024,2024,1
Cape Verde,,Naval Research Logistics,Associate Editor,2024,2024,1
Cayman Islands,,Naval Research Logistics,Associate Editor,2024,2024,1
Change Password,,Naval Research Logistics,Associate Editor,2022,2024,2
Christmas Island,,Naval Research Logistics,Associate Editor,2024,2024,1
Chung-Lun Li,,Naval Research Logistics,Associate Editor,2022,2024,2
Cong Shi,,Naval Research Logistics,Associate Editor,2022,2024,2
Cook Islands,,Naval Research Logistics,Associate Editor,2024,2024,1
Costa Rica,,Naval Research Logistics,Associate Editor,2024,2024,1
Czech Republic,,Naval Research Logistics,Associate Editor,2024,2024,1
Côte D'ivoire,,Naval Research Logistics,Associate Editor,2024,2024,1
Damian Beil,,Naval Research Logistics,Associate Editor,2022,2022,1
Damian Bell,,Naval Research Logistics,Associate Editor,2024,2024,1
David Papp,,Naval Research Logistics,Associate Editor,2022,2024,2
Dominican Republic,,Naval Research Logistics,Associate Editor,2024,2024,1
Ebru Bish,,Naval Research Logistics,Associate Editor,2022,2024,2
El Salvador,,Naval Research Logistics,Associate Editor,2024,2024,1
Enno Siemsen,,Naval Research Logistics,Associate Editor,2022,2024,2
Equatorial Guinea,,Naval Research Logistics,Associate Editor,2024,2024,1
Erik Demeulemeester,,Naval Research Logistics,Associate Editor,2022,2024,2
Falkland Islands,,Naval Research Logistics,Associate Editor,2024,2024,1
Faroe Islands,,Naval Research Logistics,Associate Editor,2024,2024,1
Fernando Ordonez,,Naval Research Logistics,Associate Editor,2022,2024,2
Flora Spieksma,,Naval Research Logistics,Associate Editor,2022,2024,2
French Guiana,,Naval Research Logistics,Associate Editor,2024,2024,1
French Polynesia,,Naval Research Logistics,Associate Editor,2024,2024,1
French Southern Territories,,Naval Research Logistics,Associate Editor,2024,2024,1
Gad Allon,,Naval Research Logistics,Associate Editor,2022,2024,2
Garud Iyengar,,Naval Research Logistics,Associate Editor,2022,2024,2
George Shanthikumar,,Naval Research Logistics,Associate Editor,2022,2024,2
George Vairaktarakis,,Naval Research Logistics,Associate Editor,2022,2024,2
Gilbert Laporte,,Naval Research Logistics,Associate Editor,2022,2024,2
Guangwen Kong,,Naval Research Logistics,Associate Editor,2024,2024,1
Guangwu Liu,,Naval Research Logistics,Associate Editor,2022,2024,2
H.K. Tony Ng,,Naval Research Logistics,Associate Editor,2022,2024,2
Harold W. Kuhn Award,,Naval Research Logistics,Associate Editor,2022,2024,2
Holy See,,Naval Research Logistics,Associate Editor,2024,2024,1
Hong Kong,,Naval Research Logistics,Associate Editor,2024,2024,1
Hossein Abouee Mehrizi,,Naval Research Logistics,Associate Editor,2022,2024,2
Hui Zhao,,Naval Research Logistics,Associate Editor,2022,2024,2
Huseyin Topaloglu,,Naval Research Logistics,Associate Editor,2022,2024,2
Inês Marques,,Naval Research Logistics,Associate Editor,2022,2022,1
James H. Bookbinder,,Naval Research Logistics,Associate Editor,2022,2024,2
Janny M.Y. Leung,,Naval Research Logistics,Associate Editor,2022,2024,2
Javad Nasiry,,Naval Research Logistics,Associate Editor,2024,2024,1
Jiahua Wu,,Naval Research Logistics,Associate Editor,2022,2024,2
Joana Matos Dias,,Naval Research Logistics,Associate Editor,2022,2022,1
John Birge,,Naval Research Logistics,Associate Editor,2022,2024,2
Jun Zhuang,,Naval Research Logistics,Associate Editor,2022,2024,2
Junfei Huang,,Naval Research Logistics,Associate Editor,2024,2024,1
Kash Barker,,Naval Research Logistics,Associate Editor,2022,2024,2
Kevin D. Glazebrook,,Naval Research Logistics,Associate Editor,2022,2024,2
Kibaek Kim,,Naval Research Logistics,Associate Editor,2022,2024,2
Kostas Bimpikis,,Naval Research Logistics,Associate Editor,2022,2024,2
Kyle Lin,,Naval Research Logistics,Associate Editor,2022,2024,2
Lao People's Democratic Republic,,Naval Research Logistics,Associate Editor,2024,2024,1
Leon Zhu,,Naval Research Logistics,Associate Editor,2022,2024,2
Libyan Arab Jamahiriya,,Naval Research Logistics,Associate Editor,2024,2024,1
Linwei Xin,,Naval Research Logistics,Associate Editor,2022,2024,2
Mark P. Van Oyen,,Naval Research Logistics,Associate Editor,2022,2024,2
Marshall Islands,,Naval Research Logistics,Associate Editor,2024,2024,1
Martin Bichler,,Naval Research Logistics,Associate Editor,2022,2024,2
Matt Carlyle,,Naval Research Logistics,Associate Editor,2022,2024,2
Matthew Robbins,,Naval Research Logistics,Associate Editor,2022,2024,2
Michael N. Katehakis,,Naval Research Logistics,Associate Editor,2022,2024,2
Michal Tzur,,Naval Research Logistics,Associate Editor,2022,2024,2
Mili Mehrotra,,Naval Research Logistics,Associate Editor,2022,2024,2
NEW USER,,Naval Research Logistics,Associate Editor,2022,2024,2
Nan Liu,,Naval Research Logistics,Associate Editor,2022,2024,2
Nan Yang,,Naval Research Logistics,Associate Editor,2022,2024,2
Negin Golrezai,,Naval Research Logistics,Associate Editor,2024,2024,1
Netherlands Antilles,,Naval Research Logistics,Associate Editor,2024,2024,1
New Caledonia,,Naval Research Logistics,Associate Editor,2024,2024,1
New Password,,Naval Research Logistics,Associate Editor,2022,2024,2
New Zealand,,Naval Research Logistics,Associate Editor,2024,2024,1
Norfolk Island,,Naval Research Logistics,Associate Editor,2024,2024,1
Northern Mariana Islands,,Naval Research Logistics,Associate Editor,2024,2024,1
Old Password,,Naval Research Logistics,Associate Editor,2022,2024,2
Ozan Candogan,,Naval Research Logistics,Associate Editor,2022,2024,2
Ozge Sahin,,Naval Research Logistics,Associate Editor,2024,2024,1
Papua New Guinea,,Naval Research Logistics,Associate Editor,2024,2024,1
Password Changed Successfully,,Naval Research Logistics,Associate Editor,2022,2024,2
Patrick Jaillet,,Naval Research Logistics,Associate Editor,2022,2024,2
Philip Kaminsky,,Naval Research Logistics,Associate Editor,2022,2024,2
Puerto Rico,,Naval Research Logistics,Associate Editor,2024,2024,1
Qian Liu,,Naval Research Logistics,Associate Editor,2022,2024,2
Refik Gullu,,Naval Research Logistics,Associate Editor,2022,2024,2
Related Titles,,Naval Research Logistics,Associate Editor,2022,2024,2
Request Username,,Naval Research Logistics,Associate Editor,2022,2024,2
Retsef Levi,,Naval Research Logistics,Associate Editor,2022,2024,2
Robert Day,,Naval Research Logistics,Associate Editor,2022,2024,2
Rommert Dekker,,Naval Research Logistics,Associate Editor,2022,2024,2
Russian Federation,,Naval Research Logistics,Associate Editor,2024,2024,1
S. Alex Yang,,Naval Research Logistics,Associate Editor,2022,2024,2
Saif Benjaafar,,Naval Research Logistics,Associate Editor,2022,2024,2
Saint Barthélemy,,Naval Research Logistics,Associate Editor,2024,2024,1
Saint Helena,,Naval Research Logistics,Associate Editor,2024,2024,1
Saint Kitts And Nevis,,Naval Research Logistics,Associate Editor,2024,2024,1
Saint Lucia,,Naval Research Logistics,Associate Editor,2024,2024,1
Saint Martin,,Naval Research Logistics,Associate Editor,2024,2024,1
Saint Pierre And Miquelon,,Naval Research Logistics,Associate Editor,2024,2024,1
San Marino,,Naval Research Logistics,Associate Editor,2024,2024,1
Sao Tome And Principe,,Naval Research Logistics,Associate Editor,2024,2024,1
Saudi Arabia,,Naval Research Logistics,Associate Editor,2024,2024,1
Sean X. Zhou,,Naval Research Logistics,Associate Editor,2022,2024,2
Sierra Leone,,Naval Research Logistics,Associate Editor,2024,2024,1
Sint Maarten,,Naval Research Logistics,Associate Editor,2024,2024,1
Solomon Islands,,Naval Research Logistics,Associate Editor,2024,2024,1
South Africa,,Naval Research Logistics,Associate Editor,2024,2024,1
South Sudan,,Naval Research Logistics,Associate Editor,2024,2024,1
Sri Lanka,,Naval Research Logistics,Associate Editor,2024,2024,1
Sridhar Seshadri,,Naval Research Logistics,Associate Editor,2022,2024,2
Stefanus Jasin,,Naval Research Logistics,Associate Editor,2022,2024,2
Stephen Shum,,Naval Research Logistics,Associate Editor,2022,2024,2
Susan Lu,,Naval Research Logistics,Associate Editor,2022,2024,2
Svalbard And Jan Mayen,,Naval Research Logistics,Associate Editor,2024,2024,1
Syrian Arab Republic,,Naval Research Logistics,Associate Editor,2024,2024,1
Tamer Boyaci,,Naval Research Logistics,Associate Editor,2022,2024,2
Thanh Nguyen,,Naval Research Logistics,Associate Editor,2022,2024,2
Theodore Klastorin,,Naval Research Logistics,Associate Editor,2022,2024,2
Tingliang Huang,,Naval Research Logistics,Associate Editor,2022,2024,2
Tinglong Dai,,Naval Research Logistics,Associate Editor,2022,2024,2
Tom Sharkey,,Naval Research Logistics,Associate Editor,2022,2024,2
Too Long,,Naval Research Logistics,Associate Editor,2022,2024,2
Too Short,,Naval Research Logistics,Associate Editor,2022,2024,3
Trinidad And Tobago,,Naval Research Logistics,Associate Editor,2024,2024,1
Turks And Caicos Islands,,Naval Research Logistics,Associate Editor,2024,2024,1
United Arab Emirates,,Naval Research Logistics,Associate Editor,2024,2024,1
United Kingdom,,Naval Research Logistics,Associate Editor,2024,2024,1
United States,,Naval Research Logistics,Associate Editor,2024,2024,1
Van-Anh Truong,,Naval Research Logistics,Associate Editor,2022,2022,1
Very Strong,,Naval Research Logistics,Associate Editor,2022,2024,2
Victor Araman,,Naval Research Logistics,Associate Editor,2022,2024,2
Viet Nam,,Naval Research Logistics,Associate Editor,2024,2024,1
Volodymyr Babich,,Naval Research Logistics,Associate Editor,2022,2024,2
Wallis And Futuna,,Naval Research Logistics,Associate Editor,2024,2024,1
Wei Jiang,,Naval Research Logistics,Associate Editor,2022,2024,2
Weijun Xie,,Naval Research Logistics,Associate Editor,2024,2024,1
Western Sahara,,Naval Research Logistics,Associate Editor,2024,2024,1
Woonghee Tim Huh,,Naval Research Logistics,Associate Editor,2022,2024,2
Xiaole Wu,,Naval Research Logistics,Associate Editor,2022,2024,2
Xiaowei Zhang,,Naval Research Logistics,Associate Editor,2024,2024,1
Xing Hu,,Naval Research Logistics,Associate Editor,2024,2024,1
Xiting Gong,,Naval Research Logistics,Associate Editor,2022,2024,2
Xiuli Chao,,Naval Research Logistics,Associate Editor,2022,2024,2
Yale Herer,,Naval Research Logistics,Associate Editor,2022,2024,2
Yao Cui,,Naval Research Logistics,Associate Editor,2024,2024,1
Yi Yang,,Naval Research Logistics,Associate Editor,2022,2024,2
Yiangos Papanastasiou,,Naval Research Logistics,Associate Editor,2024,2024,1
Ying Rong,,Naval Research Logistics,Associate Editor,2022,2024,2
Ying-Ju Chen,,Naval Research Logistics,Associate Editor,2022,2022,1
Yong Chen,,Naval Research Logistics,Associate Editor,2022,2022,1
Yongbo Xiao,,Naval Research Logistics,Associate Editor,2022,2024,2
Yun Fong Lim,,Naval Research Logistics,Associate Editor,2022,2024,2
Zhi-Long Chen,,Naval Research Logistics,Associate Editor,2022,2024,2
Ziyou Gao,,Naval Research Logistics,Associate Editor,2022,2022,1
Achal Bassamboo,,Naval Research Logistics,Department Editor,2019,2020,2
Alan J. Hoffman,,Naval Research Logistics,Department Editor,2019,2020,2
Albert P.M. Wagelmans,,Naval Research Logistics,Department Editor,2019,2019,1
Ana Muriel,,Naval Research Logistics,Department Editor,2019,2020,2
Anton J. Kleywegt,,Naval Research Logistics,Department Editor,2019,2020,2
Bin Hu,,Naval Research Logistics,Department Editor,2020,2020,1
Bo Henry Lindqvist,,Naval Research Logistics,Department Editor,2019,2020,2
Brenda Dietrich,,Naval Research Logistics,Department Editor,2019,2024,4
Change Password,,Naval Research Logistics,Department Editor,2019,2020,2
Chung-Lun Li,,Naval Research Logistics,Department Editor,2019,2020,2
Chung-Yee Lee,,Naval Research Logistics,Department Editor,2019,2019,1
Damian Beil,,Naval Research Logistics,Department Editor,2020,2020,1
David Papp,,Naval Research Logistics,Department Editor,2020,2020,1
Diwakar Gupta,,Naval Research Logistics,Department Editor,2020,2024,3
Donald K. Wagner,,Naval Research Logistics,Department Editor,2019,2024,4
Ebru Bish,,Naval Research Logistics,Department Editor,2020,2020,1
Egon Balas,,Naval Research Logistics,Department Editor,2019,2020,2
Enno Siemsen,,Naval Research Logistics,Department Editor,2019,2020,2
Erik Demeulemeester,,Naval Research Logistics,Department Editor,2019,2020,2
Fernando Ordonez,,Naval Research Logistics,Department Editor,2020,2020,1
Flora Spieksma,,Naval Research Logistics,Department Editor,2019,2020,2
Gad Allon,,Naval Research Logistics,Department Editor,2019,2020,2
Garud Iyengar,,Naval Research Logistics,Department Editor,2019,2020,2
George Nemhauser,,Naval Research Logistics,Department Editor,2019,2024,4
George Shanthikumar,,Naval Research Logistics,Department Editor,2019,2020,2
George Vairaktarakis,,Naval Research Logistics,Department Editor,2019,2020,2
Gerald G. Brown,,Naval Research Logistics,Department Editor,2020,2024,3
Gilbert Laporte,,Naval Research Logistics,Department Editor,2019,2020,2
Guangwu Liu,,Naval Research Logistics,Department Editor,2019,2020,2
H.K. Tony Ng,,Naval Research Logistics,Department Editor,2019,2020,2
Harold W. Kuhn Award,,Naval Research Logistics,Department Editor,2019,2020,2
Healthcare Management,,Naval Research Logistics,Department Editor,2020,2024,3
Hui Zhao,,Naval Research Logistics,Department Editor,2020,2020,1
Huseyin Topaloglu,,Naval Research Logistics,Department Editor,2019,2020,2
James H. Bookbinder,,Naval Research Logistics,Department Editor,2019,2020,2
Janny M.Y. Leung,,Naval Research Logistics,Department Editor,2019,2020,2
Jeffrey Tew,,Naval Research Logistics,Department Editor,2019,2024,4
Jennifer K. Ryan,,Naval Research Logistics,Department Editor,2019,2020,2
John Birge,,Naval Research Logistics,Department Editor,2019,2020,2
Jun Zhuang,,Naval Research Logistics,Department Editor,2020,2020,1
Kash Barker,,Naval Research Logistics,Department Editor,2020,2020,1
Keebom Kang,,Naval Research Logistics,Department Editor,2019,2019,1
Kevin D. Glazebrook,,Naval Research Logistics,Department Editor,2019,2020,2
Kevin Gue,,Naval Research Logistics,Department Editor,2019,2019,1
Kibaek Kim,,Naval Research Logistics,Department Editor,2020,2020,1
Kostas Bimpikis,,Naval Research Logistics,Department Editor,2020,2020,1
Kyle Lin,,Naval Research Logistics,Department Editor,2019,2020,2
Leon Zhu,,Naval Research Logistics,Department Editor,2019,2020,2
Linwei Xin,,Naval Research Logistics,Department Editor,2019,2020,2
Marc E. Posner,,Naval Research Logistics,Department Editor,2019,2024,4
Mark P. Van Oyen,,Naval Research Logistics,Department Editor,2019,2020,2
Martin Bichler,,Naval Research Logistics,Department Editor,2020,2020,1
Matt Carlyle,,Naval Research Logistics,Department Editor,2019,2020,2
Matthew Robbins,,Naval Research Logistics,Department Editor,2020,2020,1
Michael Atkinson,,Naval Research Logistics,Department Editor,2020,2024,3
Michael Lawrence Pinedo,,Naval Research Logistics,Department Editor,2019,2024,4
Michael N. Katehakis,,Naval Research Logistics,Department Editor,2019,2020,2
Michal Tzur,,Naval Research Logistics,Department Editor,2019,2020,2
NEW USER,,Naval Research Logistics,Department Editor,2019,2020,2
Nan Liu,,Naval Research Logistics,Department Editor,2020,2020,1
Nan Yang,,Naval Research Logistics,Department Editor,2019,2020,2
New Password,,Naval Research Logistics,Department Editor,2019,2020,2
Old Password,,Naval Research Logistics,Department Editor,2019,2020,2
Operations Management,,Naval Research Logistics,Department Editor,2024,2024,1
Ozan Candogan,,Naval Research Logistics,Department Editor,2019,2020,2
Password Changed Successfully,,Naval Research Logistics,Department Editor,2020,2020,1
Patrick Jaillet,,Naval Research Logistics,Department Editor,2019,2020,2
Pavithra Harsha,,Naval Research Logistics,Department Editor,2019,2020,2
Philip Kaminsky,,Naval Research Logistics,Department Editor,2019,2020,2
Qian Liu,,Naval Research Logistics,Department Editor,2019,2020,2
Refik Gullu,,Naval Research Logistics,Department Editor,2019,2020,2
Related Titles,,Naval Research Logistics,Department Editor,2019,2020,2
Rene Caldentey,,Naval Research Logistics,Department Editor,2019,2024,4
Request Username,,Naval Research Logistics,Department Editor,2019,2020,2
Retsef Levi,,Naval Research Logistics,Department Editor,2019,2020,2
Rhonda Righter,,Naval Research Logistics,Department Editor,2019,2020,2
Robert Day,,Naval Research Logistics,Department Editor,2020,2020,1
Roberto Szechtman,,Naval Research Logistics,Department Editor,2019,2020,2
Rommert Dekker,,Naval Research Logistics,Department Editor,2019,2020,2
S. Alex Yang,,Naval Research Logistics,Department Editor,2020,2020,1
Saif Benjaafar,,Naval Research Logistics,Department Editor,2019,2020,2
Sanjay Mehrotra,,Naval Research Logistics,Department Editor,2020,2024,3
Saša Pekeč,,Naval Research Logistics,Department Editor,2020,2024,3
Sean X. Zhou,,Naval Research Logistics,Department Editor,2019,2020,2
Sridhar Seshadri,,Naval Research Logistics,Department Editor,2019,2020,2
Stefanus Jasin,,Naval Research Logistics,Department Editor,2019,2020,2
Susan Lu,,Naval Research Logistics,Department Editor,2020,2020,1
Ted Klastorin,,Naval Research Logistics,Department Editor,2019,2019,1
Thanh Nguyen,,Naval Research Logistics,Department Editor,2020,2020,1
Theodore Klastorin,,Naval Research Logistics,Department Editor,2020,2020,1
Thomas Magnanti,,Naval Research Logistics,Department Editor,2019,2024,4
Tinglong Dai,,Naval Research Logistics,Department Editor,2020,2020,1
Tom Sharkey,,Naval Research Logistics,Department Editor,2020,2020,1
Too Long,,Naval Research Logistics,Department Editor,2019,2020,2
Too Short,,Naval Research Logistics,Department Editor,2019,2020,2
Turgay Ayer,,Naval Research Logistics,Department Editor,2020,2020,1
Van-Anh Truong,,Naval Research Logistics,Department Editor,2020,2020,1
Very Strong,,Naval Research Logistics,Department Editor,2019,2020,2
Victor Araman,,Naval Research Logistics,Department Editor,2019,2020,2
Volodymyr Babich,,Naval Research Logistics,Department Editor,2019,2020,2
Wei Jiang,,Naval Research Logistics,Department Editor,2019,2020,2
Woonghee Tim Huh,,Naval Research Logistics,Department Editor,2019,2020,2
Xin Chen,,Naval Research Logistics,Department Editor,2019,2024,4
Xiting Gong,,Naval Research Logistics,Department Editor,2019,2020,2
Xiuli Chao,,Naval Research Logistics,Department Editor,2019,2020,2
Yale Herer,,Naval Research Logistics,Department Editor,2019,2020,2
Yi Yang,,Naval Research Logistics,Department Editor,2019,2020,2
Ying-Ju Chen,,Naval Research Logistics,Department Editor,2020,2024,2
Yong Chen,,Naval Research Logistics,Department Editor,2019,2020,2
Yun Fong Lim,,Naval Research Logistics,Department Editor,2020,2020,1
Zhi-Long Chen,,Naval Research Logistics,Department Editor,2019,2020,2
Ziyou Gao,,Naval Research Logistics,Department Editor,2019,2020,2
Ming Hu,,Naval Research Logistics,Editor-In-Chief,2022,2024,2
Ming Hu,,Naval Research Logistics,Editorial Board,2019,2020,2
A. Ishizaka,,Omega,Associate Editor,2022,2022,1
A. Nikolaev,,Omega,Associate Editor,2021,2022,2
A. Otto,,Omega,Associate Editor,2021,2022,2
A. Oztekin,,Omega,Associate Editor,2021,2022,2
B. Adenso-Diaz,,Omega,Associate Editor,2021,2022,2
B. Chen,,Omega,Associate Editor,2021,2022,2
B. Lokman,,Omega,Associate Editor,2021,2022,2
B. Rapp,,Omega,Associate Editor,2021,2022,2
B.K. Sahoo,,Omega,Associate Editor,2021,2022,2
C. Archetti,,Omega,Associate Editor,2021,2021,1
C. Chen,,Omega,Associate Editor,2021,2022,2
C. Eden,,Omega,Associate Editor,2021,2022,2
C. Kao,,Omega,Associate Editor,2021,2022,2
D. Ivanov,,Omega,Associate Editor,2022,2022,1
D. Kress,,Omega,Associate Editor,2021,2022,2
D. Matsypura,,Omega,Associate Editor,2021,2022,2
D. R. Bish,,Omega,Associate Editor,2021,2021,1
D. Romero Morales,,Omega,Associate Editor,2021,2022,2
D. Segev,,Omega,Associate Editor,2021,2022,2
E. Triantaphyllou,,Omega,Associate Editor,2021,2022,2
F. Furini,,Omega,Associate Editor,2021,2022,2
G. Singh,,Omega,Associate Editor,2021,2022,2
H. Fukuyama,,Omega,Associate Editor,2021,2022,2
H. Kuhn,,Omega,Associate Editor,2021,2022,2
H. L. Magnus,,Omega,Associate Editor,2021,2022,2
H. Zheng,,Omega,Associate Editor,2022,2022,1
J-J. Salazar-Gonzalez,,Omega,Associate Editor,2021,2022,2
J. A. Pazour,,Omega,Associate Editor,2021,2022,2
J. Aparicio,,Omega,Associate Editor,2021,2022,2
J. Chen,,Omega,Associate Editor,2021,2022,2
J. M. Y. Leung,,Omega,Associate Editor,2021,2022,2
J. Rosenberger,,Omega,Associate Editor,2021,2022,2
J. Shi,,Omega,Associate Editor,2021,2022,2
K. Skouri,,Omega,Associate Editor,2021,2022,2
K. Tone,,Omega,Associate Editor,2021,2022,2
L. Zhu,,Omega,Associate Editor,2021,2021,1
L.M. Seiford,,Omega,Associate Editor,2021,2022,2
M. Battarra,,Omega,Associate Editor,2022,2022,1
M. Kurtulus,,Omega,Associate Editor,2021,2022,2
M. Leitner,,Omega,Associate Editor,2021,2022,2
M. Li,,Omega,Associate Editor,2021,2022,2
M. Sterna,,Omega,Associate Editor,2021,2022,2
M. Yagiura,,Omega,Associate Editor,2021,2022,2
M. Zhao,,Omega,Associate Editor,2022,2022,1
M.Y. Kovalyov,,Omega,Associate Editor,2021,2022,2
O. Battaïa,,Omega,Associate Editor,2021,2022,2
P. Peis,,Omega,Associate Editor,2021,2022,2
P.C. Bell,,Omega,Associate Editor,2021,2022,2
S. Ben Amor,,Omega,Associate Editor,2021,2022,2
S. Bhaskaran,,Omega,Associate Editor,2021,2022,2
S. Corrente,,Omega,Associate Editor,2021,2022,2
S. Dimitrov,,Omega,Associate Editor,2021,2022,2
S. Lim,,Omega,Associate Editor,2021,2022,2
S. Liu,,Omega,Associate Editor,2021,2021,1
S. Salman,,Omega,Associate Editor,2022,2022,1
T. Deng,,Omega,Associate Editor,2021,2022,2
T. Harks,,Omega,Associate Editor,2021,2022,2
T. Kis,,Omega,Associate Editor,2021,2022,2
T. S. H. Teo,,Omega,Associate Editor,2021,2022,2
W. Shen,,Omega,Associate Editor,2021,2022,2
W.A. Wallace,,Omega,Associate Editor,2021,2022,2
X. Fang,,Omega,Associate Editor,2022,2022,1
X. Zhou,,Omega,Associate Editor,2021,2022,2
Y. Perlman,,Omega,Associate Editor,2021,2022,2
Y. Wang,,Omega,Associate Editor,2021,2022,2
Y. Yamada,,Omega,Associate Editor,2021,2022,2
Ben Lev,,Omega,Editor-In-Chief,2021,2022,2
Burcu Keskin,,Omega,Editor-In-Chief,2021,2021,1
Data-Driven Analytics,,Omega,Editor-In-Chief,2021,2022,2
Erwin Pesch,,Omega,Editor-In-Chief,2021,2022,2
Joe Zhu,,Omega,Editor-In-Chief,2021,2022,4
Leon Zhu,,Omega,Editor-In-Chief,2022,2022,1
Luis Dias,,Omega,Editor-In-Chief,2022,2022,1
Luis Miguel Candido Dias,,Omega,Editor-In-Chief,2021,2021,1
Supply Chain Management,,Omega,Editor-In-Chief,2021,2022,2
Hong Kong,,Omega,Editorial Board,2022,2022,1
South Korea,,Omega,Editorial Board,2022,2022,1
United Kingdom,,Omega,Editorial Board,2022,2022,2
Agostino Capponi,,Operations Research,Area Editor,2025,2026,2
Alexandre Belloni,,Operations Research,Area Editor,2019,2023,5
Amy Ward,,Operations Research,Area Editor,2019,2021,3
Andrew Schaefer,,Operations Research,Area Editor,2025,2026,2
Andrés Weintraub,,Operations Research,Area Editor,2019,2023,5
Anton Kleywegt,,Operations Research,Area Editor,2019,2023,5
Cole Smith,,Operations Research,Area Editor,2025,2026,2
Cornell Tech,,Operations Research,Area Editor,2019,2021,3
Dan Adelman,,Operations Research,Area Editor,2019,2020,2
Dan Iancu,,Operations Research,Area Editor,2025,2026,2
Daniel Kuhn,,Operations Research,Area Editor,2019,2023,5
Daniel Ralph,,Operations Research,Area Editor,2019,2023,5
David Brown,,Operations Research,Area Editor,2025,2026,2
David Shmoys,,Operations Research,Area Editor,2019,2019,1
Decision Analysis,,Operations Research,Area Editor,2019,2026,7
Dennis Zhang,,Operations Research,Area Editor,2025,2026,2
Devavrat Shah,,Operations Research,Area Editor,2022,2023,2
Erica Plambeck,,Operations Research,Area Editor,2019,2023,5
Financial Engineering,,Operations Research,Area Editor,2019,2026,7
Golbon Zakeri,,Operations Research,Area Editor,2025,2026,2
Gustavo Vulcano,,Operations Research,Area Editor,2019,2023,5
Hong Kong,,Operations Research,Area Editor,2025,2026,2
I-595 Commonwealth Avenue,,Operations Research,Area Editor,2020,2023,4
Ilan Lobel,,Operations Research,Area Editor,2021,2026,5
Ilia Tsetlin,,Operations Research,Area Editor,2025,2026,2
Itai Gurvich,,Operations Research,Area Editor,2019,2021,3
James E. Smith,,Operations Research,Area Editor,2019,2023,5
Jeff Hong,,Operations Research,Area Editor,2019,2023,5
Jose Correa,,Operations Research,Area Editor,2025,2026,2
Management Science,,Operations Research,Area Editor,2021,2023,3
Millhill Lane,,Operations Research,Area Editor,2023,2023,1
Moshe Kress,,Operations Research,Area Editor,2019,2023,5
Neil Walton,,Operations Research,Area Editor,2022,2026,4
New Zealand,,Operations Research,Area Editor,2019,2023,5
OR Practice,,Operations Research,Area Editor,2019,2023,5
Oxford Road,,Operations Research,Area Editor,2022,2022,1
Ozlem Ergun,,Operations Research,Area Editor,2019,2023,5
Paul Glasserman,,Operations Research,Area Editor,2019,2023,5
Rafik B. Hariri Building,,Operations Research,Area Editor,2020,2023,4
Ramandeep Randhawa,,Operations Research,Area Editor,2022,2026,4
Ramesh Johari,,Operations Research,Area Editor,2019,2020,2
Real World OR Innovations,,Operations Research,Area Editor,2025,2026,2
René Caldentey,,Operations Research,Area Editor,2025,2026,2
Rouba Ibrahim,,Operations Research,Area Editor,2025,2026,2
Samuel Burer,,Operations Research,Area Editor,2020,2026,6
Sandeep Juneja,,Operations Research,Area Editor,2025,2026,2
Societal Impact,,Operations Research,Area Editor,2025,2026,2
Steven Kou,,Operations Research,Area Editor,2019,2023,5
Stochastic Models,,Operations Research,Area Editor,2019,2026,7
Tava Olsen,,Operations Research,Area Editor,2019,2023,5
Ted Ralphs,,Operations Research,Area Editor,2025,2026,2
Trumpington St,,Operations Research,Area Editor,2019,2023,5
Turgay Ayer,,Operations Research,Area Editor,2025,2026,2
United Kingdom,,Operations Research,Area Editor,2019,2023,6
Universidad Torcuato Di Tella,,Operations Research,Area Editor,2019,2023,5
Xi Chen,,Operations Research,Area Editor,2025,2026,2
Xuedong He,,Operations Research,Area Editor,2025,2026,2
Achal Bassamboo,,Operations Research,Associate Editor,2025,2026,2
Adam Elmachtoub,,Operations Research,Associate Editor,2025,2026,2
Adam Mersereau,,Operations Research,Associate Editor,2019,2026,7
Afzal Siddiqui,,Operations Research,Associate Editor,2025,2026,2
Agostino Capponi,,Operations Research,Associate Editor,2019,2023,5
Alessandro Arlotto,,Operations Research,Associate Editor,2019,2026,7
Alexander Rakhlin,,Operations Research,Associate Editor,2019,2021,3
Alexandra Newman,,Operations Research,Associate Editor,2019,2023,5
Alexandre Jacquillat,,Operations Research,Associate Editor,2025,2026,2
Alexandre Proutiere,,Operations Research,Associate Editor,2025,2026,2
Alfredo Garcia,,Operations Research,Associate Editor,2019,2023,5
Ali Abbas,,Operations Research,Associate Editor,2019,2023,5
Ali Aouad,,Operations Research,Associate Editor,2025,2026,2
Ali Makhdoumi,,Operations Research,Associate Editor,2025,2026,2
Alper Atamtürk,,Operations Research,Associate Editor,2025,2026,2
Andrew Davis,,Operations Research,Associate Editor,2025,2026,2
Andrew Daw,,Operations Research,Associate Editor,2025,2026,2
Andrew Lim,,Operations Research,Associate Editor,2019,2023,5
Andrew Schaefer,,Operations Research,Associate Editor,2019,2023,5
Andy Philpott,,Operations Research,Associate Editor,2019,2023,5
Andy Trapp,,Operations Research,Associate Editor,2025,2026,2
Annabelle Feng,,Operations Research,Associate Editor,2022,2023,2
Anthony Papavasiliou,,Operations Research,Associate Editor,2019,2026,6
Antoine Desir,,Operations Research,Associate Editor,2026,2026,1
Anton Kleywegt,,Operations Research,Associate Editor,2025,2026,2
Anton Ovchinnikov,,Operations Research,Associate Editor,2025,2026,2
Archis Ghate,,Operations Research,Associate Editor,2025,2026,2
Arnold Barnett,,Operations Research,Associate Editor,2019,2023,5
Ashish Goel,,Operations Research,Associate Editor,2019,2020,2
Assaf Zeevi,,Operations Research,Associate Editor,2019,2023,5
Awi Federgruen,,Operations Research,Associate Editor,2019,2023,5
Azarakhsh Malekian,,Operations Research,Associate Editor,2025,2026,2
Benoît Legat,,Operations Research,Associate Editor,2025,2026,2
Bernd Heidergott,,Operations Research,Associate Editor,2020,2023,4
Bert Zwart,,Operations Research,Associate Editor,2019,2023,5
Bora Keskin,,Operations Research,Associate Editor,2021,2026,5
Brendan Lucier,,Operations Research,Associate Editor,2025,2026,2
Brian Denton,,Operations Research,Associate Editor,2019,2019,1
Can Zhang,,Operations Research,Associate Editor,2025,2026,2
Canan Ulu,,Operations Research,Associate Editor,2019,2026,7
Carlo Mannino,,Operations Research,Associate Editor,2019,2023,5
Carolina Osorio,,Operations Research,Associate Editor,2025,2026,2
Carri Chan,,Operations Research,Associate Editor,2019,2019,1
Casey Lichtendahl,,Operations Research,Associate Editor,2019,2019,1
Charles Corbett,,Operations Research,Associate Editor,2019,2023,5
Chiwei Yan,,Operations Research,Associate Editor,2025,2026,2
Chung-Yee Lee,,Operations Research,Associate Editor,2019,2023,5
Ciamac Moallemi,,Operations Research,Associate Editor,2019,2023,5
Cong Shi,,Operations Research,Associate Editor,2025,2026,2
Constantine Caramanis,,Operations Research,Associate Editor,2019,2023,5
Damian Beil,,Operations Research,Associate Editor,2025,2026,2
Damian R. Beil,,Operations Research,Associate Editor,2019,2023,5
Damir Filipović,,Operations Research,Associate Editor,2025,2026,2
Dan Iancu,,Operations Research,Associate Editor,2019,2023,5
Dan Russo,,Operations Research,Associate Editor,2025,2026,2
Dan Zhang,,Operations Research,Associate Editor,2022,2026,4
Daniel Freund,,Operations Research,Associate Editor,2025,2026,2
Daniela Saban,,Operations Research,Associate Editor,2021,2026,5
Danny Segev,,Operations Research,Associate Editor,2025,2026,2
David B. Brown,,Operations Research,Associate Editor,2019,2023,5
David Bell,,Operations Research,Associate Editor,2019,2026,7
David Goldberg,,Operations Research,Associate Editor,2019,2023,5
David Simchi-Levi,,Operations Research,Associate Editor,2019,2026,12
David Wozabal,,Operations Research,Associate Editor,2019,2023,5
David Yao,,Operations Research,Associate Editor,2019,2023,5
Dennice Gayme,,Operations Research,Associate Editor,2019,2021,3
Devavrat Shah,,Operations Research,Associate Editor,2019,2021,3
Drew Philip Kouri,,Operations Research,Associate Editor,2026,2026,1
ESMT Berlin,,Operations Research,Associate Editor,2019,2020,2
East Asia,,Operations Research,Associate Editor,2026,2026,1
Elise Miller-Hooks,,Operations Research,Associate Editor,2019,2026,7
Enlu Zhou,,Operations Research,Associate Editor,2019,2023,5
Erick Delage,,Operations Research,Associate Editor,2019,2026,7
Ethan Fang,,Operations Research,Associate Editor,2025,2026,2
Ethical Guidelines,,Operations Research,Associate Editor,2019,2020,2
Fabio Maccheroni,,Operations Research,Associate Editor,2025,2026,2
Facebook Inc.,,Operations Research,Associate Editor,2025,2026,2
Fatma Kılınç-Karzan,,Operations Research,Associate Editor,2021,2026,5
Federico Battista,,Operations Research,Associate Editor,2026,2026,1
Fernando Bernstein,,Operations Research,Associate Editor,2019,2026,7
Fernando Ordóñez,,Operations Research,Associate Editor,2025,2026,2
Frank Curtis,,Operations Research,Associate Editor,2025,2026,2
Gah-Yi Ban,,Operations Research,Associate Editor,2025,2026,2
Ganesh Janakiraman,,Operations Research,Associate Editor,2019,2021,3
Gareth James,,Operations Research,Associate Editor,2019,2023,5
Gemma Berenguer,,Operations Research,Associate Editor,2025,2026,2
Geoff Pritchard,,Operations Research,Associate Editor,2025,2026,2
Geographic Distribution,,Operations Research,Associate Editor,2026,2026,1
George L. Nemhauser,,Operations Research,Associate Editor,2019,2026,12
George Lan,,Operations Research,Associate Editor,2025,2026,2
George Shortley,,Operations Research,Associate Editor,2019,2026,7
Georgia Perakis,,Operations Research,Associate Editor,2019,2020,2
Gerry Tsoukalas,,Operations Research,Associate Editor,2025,2026,2
Gilbert Laporte,,Operations Research,Associate Editor,2019,2026,7
Golbon Zakeri,,Operations Research,Associate Editor,2023,2023,1
Grani Hanasusanto,,Operations Research,Associate Editor,2025,2026,2
Greg Zaric,,Operations Research,Associate Editor,2019,2023,5
Gregory DeCroix,,Operations Research,Associate Editor,2019,2026,7
Greys Sosic,,Operations Research,Associate Editor,2019,2026,7
Guangwu Liu,,Operations Research,Associate Editor,2022,2023,2
Guzin Bayraksan,,Operations Research,Associate Editor,2022,2023,2
Gürhan Kök,,Operations Research,Associate Editor,2025,2026,2
H. Donald Ratliff,,Operations Research,Associate Editor,2019,2026,12
HEC Montréal,,Operations Research,Associate Editor,2019,2026,9
Hamsa Bastani,,Operations Research,Associate Editor,2022,2026,4
Hao Zhang,,Operations Research,Associate Editor,2025,2026,2
Harsha Honnappa,,Operations Research,Associate Editor,2019,2023,5
Hau L. Lee,,Operations Research,Associate Editor,2019,2023,5
Hayes Simpson,,Operations Research,Associate Editor,2025,2026,2
Heng Zhang,,Operations Research,Associate Editor,2026,2026,1
Henry Lam,,Operations Research,Associate Editor,2019,2026,7
Hongyue Jin,,Operations Research,Associate Editor,2025,2026,2
Hugh J. Miser,,Operations Research,Associate Editor,2019,2026,7
Hummy Song,,Operations Research,Associate Editor,2025,2026,2
Huseyin Topaloglu,,Operations Research,Associate Editor,2019,2026,7
Hyun-Soo Ahn,,Operations Research,Associate Editor,2021,2026,5
Igor Pruenster,,Operations Research,Associate Editor,2019,2023,5
Ilan Lobel,,Operations Research,Associate Editor,2019,2020,2
Ilia Tsetlin,,Operations Research,Associate Editor,2019,2023,5
Ilya O. Ryzhov,,Operations Research,Associate Editor,2025,2026,2
Ilya Ryzhov,,Operations Research,Associate Editor,2019,2023,5
Itai Ashlagi,,Operations Research,Associate Editor,2019,2023,5
Ivana Ljubic,,Operations Research,Associate Editor,2025,2026,2
J. Cole Smith,,Operations Research,Associate Editor,2019,2020,2
Jake Feldman,,Operations Research,Associate Editor,2025,2026,2
Jalal Kazempour,,Operations Research,Associate Editor,2025,2026,2
Jan C. Fransoo,,Operations Research,Associate Editor,2019,2023,5
Jan Karel Lenstra,,Operations Research,Associate Editor,2025,2026,2
Janny Leung,,Operations Research,Associate Editor,2019,2023,5
Jay Sethuraman,,Operations Research,Associate Editor,2019,2023,5
Jeffrey Kharoufeh,,Operations Research,Associate Editor,2019,2023,5
Jiaming Xu,,Operations Research,Associate Editor,2025,2026,2
Jiaqiao Hu,,Operations Research,Associate Editor,2019,2023,5
Jiawei Zhang,,Operations Research,Associate Editor,2019,2023,5
Jiheng Zhang,,Operations Research,Associate Editor,2019,2023,5
Jim Dai,,Operations Research,Associate Editor,2025,2026,2
Jinchi Lv,,Operations Research,Associate Editor,2025,2026,2
Jing Dong,,Operations Research,Associate Editor,2022,2026,4
Jinyuan Chang,,Operations Research,Associate Editor,2026,2026,1
Johannes Milz,,Operations Research,Associate Editor,2025,2026,2
Johannes Royset,,Operations Research,Associate Editor,2019,2026,7
John Birge,,Operations Research,Associate Editor,2025,2026,2
John Carlsson,,Operations Research,Associate Editor,2019,2026,7
John Hasenbein,,Operations Research,Associate Editor,2025,2026,2
John J. Hasenbein,,Operations Research,Associate Editor,2019,2023,5
John Ruggiero,,Operations Research,Associate Editor,2019,2023,5
John Turner,,Operations Research,Associate Editor,2025,2026,2
Joline Uichanco,,Operations Research,Associate Editor,2025,2026,2
Jordan Tong,,Operations Research,Associate Editor,2025,2026,2
Jose R. Correa,,Operations Research,Associate Editor,2019,2023,5
Juan Pablo Vielma,,Operations Research,Associate Editor,2019,2026,7
Julie Swann,,Operations Research,Associate Editor,2019,2026,7
Jun Li,,Operations Research,Associate Editor,2020,2026,6
Jussi Keppo,,Operations Research,Associate Editor,2025,2026,2
Jérémie Gallien,,Operations Research,Associate Editor,2019,2026,7
Kamran Moinzadeh,,Operations Research,Associate Editor,2019,2023,5
Karen Smilowitz,,Operations Research,Associate Editor,2019,2019,1
Karthik Natarajan,,Operations Research,Associate Editor,2019,2026,7
Karthyek Rajhaa Annaswamy Murthy,,Operations Research,Associate Editor,2025,2026,2
Kay Giesecke,,Operations Research,Associate Editor,2019,2026,7
Kevin Shang,,Operations Research,Associate Editor,2021,2026,5
Kim-Chuan Toh,,Operations Research,Associate Editor,2025,2026,2
Kimon Drakopoulos,,Operations Research,Associate Editor,2022,2023,2
Kostas Bimpikis,,Operations Research,Associate Editor,2019,2026,7
Kris J. Ferreira,,Operations Research,Associate Editor,2025,2026,2
Kuang Xu,,Operations Research,Associate Editor,2019,2023,5
Kumar Rajaram,,Operations Research,Associate Editor,2019,2023,5
Kyle Y. Lin,,Operations Research,Associate Editor,2019,2023,5
Kyoung-Kuk Kim,,Operations Research,Associate Editor,2025,2026,2
Laszlo Vegh,,Operations Research,Associate Editor,2019,2026,7
Laura Albert,,Operations Research,Associate Editor,2025,2026,2
Lauren Lu,,Operations Research,Associate Editor,2025,2026,2
Laurens Debo,,Operations Research,Associate Editor,2019,2023,5
Lawrence M. Wein,,Operations Research,Associate Editor,2019,2026,7
Leon Zhu,,Operations Research,Associate Editor,2019,2026,7
Lin William Cong,,Operations Research,Associate Editor,2025,2026,2
Lingxiu Dong,,Operations Research,Associate Editor,2021,2026,5
Linwei Xin,,Operations Research,Associate Editor,2025,2026,2
Luitgard Veraart,,Operations Research,Associate Editor,2022,2026,4
Maaike Verloop,,Operations Research,Associate Editor,2022,2026,4
Mabel Chou,,Operations Research,Associate Editor,2021,2026,6
Madeleine Udell,,Operations Research,Associate Editor,2025,2026,2
Mahesh Nagarajan,,Operations Research,Associate Editor,2019,2023,5
Manel Baucells,,Operations Research,Associate Editor,2019,2026,7
Marco Scarsini,,Operations Research,Associate Editor,2025,2026,2
Margrét Bjarnadóttir,,Operations Research,Associate Editor,2025,2026,2
Markus Pelger,,Operations Research,Associate Editor,2025,2026,2
Martin Bichler,,Operations Research,Associate Editor,2025,2026,2
Martin Haugh,,Operations Research,Associate Editor,2019,2023,5
Matias Cattaneo,,Operations Research,Associate Editor,2019,2026,7
Matteo Fischetti,,Operations Research,Associate Editor,2019,2023,5
Max Zuo-Jun Shen,,Operations Research,Associate Editor,2019,2023,5
Maxime Cohen,,Operations Research,Associate Editor,2025,2026,2
Mehmet Ayvaci,,Operations Research,Associate Editor,2025,2026,2
Melvyn Sim,,Operations Research,Associate Editor,2019,2023,5
Mengdi Wang,,Operations Research,Associate Editor,2019,2023,5
Meritorious Service Awards,,Operations Research,Associate Editor,2019,2020,2
Mette Bjørndal,,Operations Research,Associate Editor,2025,2026,2
Michael Atkinson,,Operations Research,Associate Editor,2019,2023,5
Michael Ball,,Operations Research,Associate Editor,2019,2020,2
Michel Bierlaire,,Operations Research,Associate Editor,2019,2026,7
Miguel Lejeune,,Operations Research,Associate Editor,2025,2026,2
Mikael Rönnqvist,,Operations Research,Associate Editor,2019,2023,5
Milind Sohoni,,Operations Research,Associate Editor,2021,2026,5
Min Dai,,Operations Research,Associate Editor,2025,2026,2
Ming Hu,,Operations Research,Associate Editor,2019,2026,7
Mirko Kremer,,Operations Research,Associate Editor,2025,2026,2
Mohit Singh,,Operations Research,Associate Editor,2019,2023,5
Mohsen Bayati,,Operations Research,Associate Editor,2022,2023,2
Mustafa Akan,,Operations Research,Associate Editor,2025,2026,2
Nagesh Gavirneni,,Operations Research,Associate Editor,2019,2023,5
Nan Chen,,Operations Research,Associate Editor,2025,2026,2
Nan Liu,,Operations Research,Associate Editor,2020,2026,6
Nathan Kallus,,Operations Research,Associate Editor,2020,2023,4
Negin Golrezaei,,Operations Research,Associate Editor,2025,2026,2
Neil Olver,,Operations Research,Associate Editor,2025,2026,2
Neil Walton,,Operations Research,Associate Editor,2019,2021,3
Nicholas G. Hall,,Operations Research,Associate Editor,2019,2023,5
Nicola Secomandi,,Operations Research,Associate Editor,2019,2026,7
Nicolas Stier-Moses,,Operations Research,Associate Editor,2025,2026,2
Nicole Adler,,Operations Research,Associate Editor,2025,2026,2
Nicole Immorlica,,Operations Research,Associate Editor,2019,2023,5
Nicole Megow,,Operations Research,Associate Editor,2025,2026,2
Nikos Trichakis,,Operations Research,Associate Editor,2025,2026,2
Nilay Tanik Argon,,Operations Research,Associate Editor,2019,2026,7
Ning Cai,,Operations Research,Associate Editor,2019,2023,5
Northern America,,Operations Research,Associate Editor,2026,2026,1
Northwestern Univeristy,,Operations Research,Associate Editor,2019,2023,5
Nur Sunar,,Operations Research,Associate Editor,2025,2026,2
Oguzhan Alagoz,,Operations Research,Associate Editor,2019,2026,7
Ohad Perry,,Operations Research,Associate Editor,2019,2023,5
Oktay Günlük,,Operations Research,Associate Editor,2019,2023,5
Omar Besbes,,Operations Research,Associate Editor,2019,2023,5
Opher Baron,,Operations Research,Associate Editor,2025,2026,2
Ozan Candogan,,Operations Research,Associate Editor,2020,2026,6
Ozge Sahin,,Operations Research,Associate Editor,2021,2026,5
Paat Rusmevichientong,,Operations Research,Associate Editor,2019,2023,5
Paola Scaparra,,Operations Research,Associate Editor,2025,2026,2
Patrice Marcotte,,Operations Research,Associate Editor,2019,2020,2
Patrick T. Harker,,Operations Research,Associate Editor,2019,2026,12
Peng Sun,,Operations Research,Associate Editor,2019,2023,5
Pengyi Shi,,Operations Research,Associate Editor,2021,2026,5
Peter C. Bell,,Operations Research,Associate Editor,2019,2023,5
Peter Frazier,,Operations Research,Associate Editor,2019,2023,5
Peyman Mohajerin Esfahani,,Operations Research,Associate Editor,2020,2026,6
Phebe Vayanos,,Operations Research,Associate Editor,2025,2026,2
Philip Kaminsky,,Operations Research,Associate Editor,2019,2023,5
Philipp Afèche,,Operations Research,Associate Editor,2019,2023,5
Rahul Mazumder,,Operations Research,Associate Editor,2025,2026,2
Rajan Batta,,Operations Research,Associate Editor,2025,2026,2
Ramandeep Randhawa,,Operations Research,Associate Editor,2019,2021,3
Ramteen Sioshansi,,Operations Research,Associate Editor,2022,2026,4
Ravi Anupindi,,Operations Research,Associate Editor,2025,2026,2
Renato Paes Leme,,Operations Research,Associate Editor,2021,2023,3
Rene Caldentey,,Operations Research,Associate Editor,2019,2023,5
Renyu Zhang,,Operations Research,Associate Editor,2025,2026,2
Rhonda Righter,,Operations Research,Associate Editor,2023,2023,1
Ricardo Fukasawa,,Operations Research,Associate Editor,2019,2023,5
Richard Peter,,Operations Research,Associate Editor,2025,2026,2
Robert Bray,,Operations Research,Associate Editor,2025,2026,2
Roberto Baldacci,,Operations Research,Associate Editor,2019,2026,7
Roberto I. Oliveira,,Operations Research,Associate Editor,2019,2023,5
Roberto Szechtman,,Operations Research,Associate Editor,2019,2023,5
Rodney Parker,,Operations Research,Associate Editor,2019,2023,5
Roman Kapuscinski,,Operations Research,Associate Editor,2019,2023,5
Rommert Dekker,,Operations Research,Associate Editor,2019,2023,5
Ross Baldick,,Operations Research,Associate Editor,2019,2023,5
Rouba Ibrahim,,Operations Research,Associate Editor,2019,2023,5
Ruodu Wang,,Operations Research,Associate Editor,2025,2026,2
Ruomeng Cui,,Operations Research,Associate Editor,2025,2026,2
Russell Barton,,Operations Research,Associate Editor,2019,2023,5
Saed Alizamir,,Operations Research,Associate Editor,2021,2026,5
Sam Burer,,Operations Research,Associate Editor,2019,2020,2
Sandia National Laboratories,,Operations Research,Associate Editor,2026,2026,1
Santiago Balseiro,,Operations Research,Associate Editor,2021,2026,5
Santiago Gallino,,Operations Research,Associate Editor,2022,2026,4
Sara Shashaani,,Operations Research,Associate Editor,2025,2026,2
Sarang Deo,,Operations Research,Associate Editor,2020,2026,6
Saurabh Bansal,,Operations Research,Associate Editor,2021,2023,3
Saša Pekeč,,Operations Research,Associate Editor,2025,2026,2
Sebastian Ebert,,Operations Research,Associate Editor,2025,2026,2
Selin Ahipasaoglu,,Operations Research,Associate Editor,2025,2026,2
Selva Nadarajah,,Operations Research,Associate Editor,2025,2026,2
Seong-Hee Kim,,Operations Research,Associate Editor,2019,2023,5
Sergei Savin,,Operations Research,Associate Editor,2019,2025,6
Serguei Netessine,,Operations Research,Associate Editor,2019,2023,5
Serhan Ziya,,Operations Research,Associate Editor,2019,2021,3
Seyed Iravani,,Operations Research,Associate Editor,2019,2023,5
Shabbir Ahmed,,Operations Research,Associate Editor,2019,2019,1
Shane Henderson,,Operations Research,Associate Editor,2025,2026,2
Shaohui Zheng,,Operations Research,Associate Editor,2019,2023,5
Shie Mannor,,Operations Research,Associate Editor,2019,2020,2
Shouqiang Wang,,Operations Research,Associate Editor,2021,2023,3
Shuangchi He,,Operations Research,Associate Editor,2025,2026,2
Shuzhong Zhang,,Operations Research,Associate Editor,2019,2023,5
Siddhartha Banerjee,,Operations Research,Associate Editor,2023,2023,1
Simge Küçükyavuz,,Operations Research,Associate Editor,2025,2026,2
Siqian Shen,,Operations Research,Associate Editor,2025,2026,2
Siva Theja Maguluri,,Operations Research,Associate Editor,2025,2026,2
So-Yeon Chun,,Operations Research,Associate Editor,2025,2026,2
Song-Hee Kim,,Operations Research,Associate Editor,2025,2026,2
Soo-Haeng Cho,,Operations Research,Associate Editor,2019,2026,7
Soroush Saghafian,,Operations Research,Associate Editor,2021,2026,5
South Asia,,Operations Research,Associate Editor,2026,2026,1
Spyros Zoumpoulis,,Operations Research,Associate Editor,2025,2026,2
Srikanth Jagabathula,,Operations Research,Associate Editor,2019,2025,6
Stefan Minner,,Operations Research,Associate Editor,2025,2026,2
Stefan Wager,,Operations Research,Associate Editor,2025,2026,2
Stefanos Zenios,,Operations Research,Associate Editor,2019,2026,7
Stefanus Jasin,,Operations Research,Associate Editor,2020,2026,6
Steve Kou,,Operations Research,Associate Editor,2025,2026,2
Steven Shechter,,Operations Research,Associate Editor,2025,2026,2
Sub-Saharan Africa,,Operations Research,Associate Editor,2026,2026,1
Submission Guidelines,,Operations Research,Associate Editor,2019,2020,2
Susan Hunter,,Operations Research,Associate Editor,2021,2023,3
Susan R. Hunter,,Operations Research,Associate Editor,2025,2026,2
Tauhid Zaman,,Operations Research,Associate Editor,2019,2026,7
Tengyuan Liang,,Operations Research,Associate Editor,2025,2026,2
Terry Taylor,,Operations Research,Associate Editor,2019,2026,7
Thodoris Lykouris,,Operations Research,Associate Editor,2025,2026,2
Thomas E. Caywood,,Operations Research,Associate Editor,2019,2026,7
Thomas L. Magnanti,,Operations Research,Associate Editor,2019,2026,12
Thomas Lidbetter,,Operations Research,Associate Editor,2025,2026,2
Thornton Page,,Operations Research,Associate Editor,2019,2026,7
Tim Chan,,Operations Research,Associate Editor,2025,2026,2
Tim Huh,,Operations Research,Associate Editor,2025,2026,2
Tobias Harks,,Operations Research,Associate Editor,2025,2026,2
Tolga Tezcan,,Operations Research,Associate Editor,2019,2023,5
Tugce Martagan,,Operations Research,Associate Editor,2025,2026,2
Turgay Ayer,,Operations Research,Associate Editor,2019,2023,5
UBC Sauder,,Operations Research,Associate Editor,2025,2026,2
Universita Bocconi,,Operations Research,Associate Editor,2019,2023,5
Université Laval,,Operations Research,Associate Editor,2019,2023,5
Université Paris Diderot,,Operations Research,Associate Editor,2019,2023,5
Vahideh Manshadi,,Operations Research,Associate Editor,2020,2026,6
Valentina Bosetti,,Operations Research,Associate Editor,2025,2026,2
Van-Anh Truong,,Operations Research,Associate Editor,2019,2021,3
Varun Gupta,,Operations Research,Associate Editor,2021,2026,5
Velibor Mišić,,Operations Research,Associate Editor,2025,2026,2
Veronika Rockova,,Operations Research,Associate Editor,2025,2026,2
Vianney Perchet,,Operations Research,Associate Editor,2019,2023,5
Victor DeMiguel,,Operations Research,Associate Editor,2019,2025,6
Ville Satopaa,,Operations Research,Associate Editor,2025,2026,2
Vineet Goyal,,Operations Research,Associate Editor,2019,2023,5
Vishal Gupta,,Operations Research,Associate Editor,2025,2026,2
Viswanath Nagarajan,,Operations Research,Associate Editor,2025,2026,2
Vivek Farias,,Operations Research,Associate Editor,2019,2020,2
Vrije Universiteit Amsterdam,,Operations Research,Associate Editor,2020,2023,4
Ward Whitt,,Operations Research,Associate Editor,2019,2023,5
Web Feed,,Operations Research,Associate Editor,2019,2020,2
Weijie Su,,Operations Research,Associate Editor,2025,2026,2
Weijun Xie,,Operations Research,Associate Editor,2025,2026,2
Will Ma,,Operations Research,Associate Editor,2025,2026,2
William L. Cooper,,Operations Research,Associate Editor,2019,2021,3
William P. Pierskalla,,Operations Research,Associate Editor,2019,2026,12
Wolfram Wiesemann,,Operations Research,Associate Editor,2019,2023,5
Xiaowei Zhang,,Operations Research,Associate Editor,2025,2026,2
Xin Chen,,Operations Research,Associate Editor,2019,2026,7
Xin Guo,,Operations Research,Associate Editor,2019,2023,5
Xinyun Chen,,Operations Research,Associate Editor,2025,2026,2
Xiuli Chao,,Operations Research,Associate Editor,2019,2026,7
Xuanming Su,,Operations Research,Associate Editor,2019,2023,5
Xuedong He,,Operations Research,Associate Editor,2019,2023,5
Xunyu Zhou,,Operations Research,Associate Editor,2019,2026,7
Yael Grushka-Cockayne,,Operations Research,Associate Editor,2019,2026,7
Yao Xie,,Operations Research,Associate Editor,2025,2026,2
Yash Kanoria,,Operations Research,Associate Editor,2019,2026,7
Yehua Wei,,Operations Research,Associate Editor,2025,2026,2
Ying-Ju Chen,,Operations Research,Associate Editor,2025,2026,2
Yining Wang,,Operations Research,Associate Editor,2025,2026,2
Yonatan Gur,,Operations Research,Associate Editor,2021,2026,5
Yongpei Guan,,Operations Research,Associate Editor,2025,2026,2
Yuan Zhou,,Operations Research,Associate Editor,2025,2026,2
Yuqian Xu,,Operations Research,Associate Editor,2025,2026,2
Yuxin Chen,,Operations Research,Associate Editor,2025,2026,2
Zeyu Zheng,,Operations Research,Associate Editor,2025,2026,2
Zhaoran Wang,,Operations Research,Associate Editor,2025,2026,2
Zhengyuan Zhou,,Operations Research,Associate Editor,2025,2026,2
Zhou Xu,,Operations Research,Associate Editor,2025,2026,2
Zizhuo Wang,,Operations Research,Associate Editor,2025,2026,2
Amy R. Ward,,Operations Research,Editor-In-Chief,2025,2026,2
John Birge,,Operations Research,Editor-In-Chief,2019,2023,5
Pages S1-Siv,,Operations Research,Editorial Board,2019,2019,1
Pages S183-S355,,Operations Research,Editorial Board,2019,2019,2
A. Burnetas,,Operations Research Letters,Associate Editor,2022,2022,1
A. Drutsa,,Operations Research Letters,Associate Editor,2022,2022,1
A. Georghiou,,Operations Research Letters,Associate Editor,2022,2022,1
B. Moseley,,Operations Research Letters,Associate Editor,2022,2022,1
C. Hurkens,,Operations Research Letters,Associate Editor,2022,2022,1
C. Shi,,Operations Research Letters,Associate Editor,2022,2022,1
D. Dadush,,Operations Research Letters,Associate Editor,2022,2022,1
D. Kuhn,,Operations Research Letters,Associate Editor,2022,2022,1
D. Mitchell,,Operations Research Letters,Associate Editor,2022,2022,1
D. Orban,,Operations Research Letters,Associate Editor,2022,2022,1
D. Saban,,Operations Research Letters,Associate Editor,2022,2022,1
D.W.K. Yeung,,Operations Research Letters,Associate Editor,2022,2022,1
E. Ozkan,,Operations Research Letters,Associate Editor,2022,2022,1
E. Pesch,,Operations Research Letters,Associate Editor,2022,2022,1
E.A. Feinberg,,Operations Research Letters,Associate Editor,2022,2022,1
F. Bonomo,,Operations Research Letters,Associate Editor,2022,2022,1
F. Schoen,,Operations Research Letters,Associate Editor,2022,2022,1
F.C.R. Spieksma,,Operations Research Letters,Associate Editor,2022,2022,1
G. Nguyen,,Operations Research Letters,Associate Editor,2022,2022,1
G. Y. Ban,,Operations Research Letters,Associate Editor,2022,2022,1
G. Zaccour,,Operations Research Letters,Associate Editor,2022,2022,1
G. Zambelli,,Operations Research Letters,Associate Editor,2022,2022,1
H. Abouee Mehrizi,,Operations Research Letters,Associate Editor,2022,2022,1
H. Honnappa,,Operations Research Letters,Associate Editor,2022,2022,1
H. Jiang,,Operations Research Letters,Associate Editor,2022,2022,1
J. Dong,,Operations Research Letters,Associate Editor,2022,2022,1
J. Sgall,,Operations Research Letters,Associate Editor,2022,2022,1
J. Verschae,,Operations Research Letters,Associate Editor,2022,2022,1
J.K. Lenstra,,Operations Research Letters,Associate Editor,2022,2022,1
J.L. Hurink,,Operations Research Letters,Associate Editor,2022,2022,1
J.P. Kharoufeh,,Operations Research Letters,Associate Editor,2022,2022,1
J.P. Vielma,,Operations Research Letters,Associate Editor,2022,2022,1
L. Liberti,,Operations Research Letters,Associate Editor,2022,2022,1
L. Sanità,,Operations Research Letters,Associate Editor,2022,2022,1
L. Y. Chu,,Operations Research Letters,Associate Editor,2022,2022,1
L. Zhu,,Operations Research Letters,Associate Editor,2022,2022,1
L.M. Briceño-Arias,,Operations Research Letters,Associate Editor,2022,2022,1
M. Claus,,Operations Research Letters,Associate Editor,2022,2022,1
M. Feldman,,Operations Research Letters,Associate Editor,2022,2022,1
M.F. Anjos,,Operations Research Letters,Associate Editor,2022,2022,1
N. Cai,,Operations Research Letters,Associate Editor,2022,2022,1
N. Golrezaei,,Operations Research Letters,Associate Editor,2022,2022,1
N. Megiddo,,Operations Research Letters,Associate Editor,2022,2022,1
P. Glynn,,Operations Research Letters,Associate Editor,2022,2022,1
P. Mertikopoulos,,Operations Research Letters,Associate Editor,2022,2022,1
P. Vayanos,,Operations Research Letters,Associate Editor,2022,2022,1
Q. Li,,Operations Research Letters,Associate Editor,2022,2022,1
R. Fukasawa,,Operations Research Letters,Associate Editor,2022,2022,1
R. Smorodinsky,,Operations Research Letters,Associate Editor,2022,2022,1
S. Béal,,Operations Research Letters,Associate Editor,2022,2022,1
S. Deo,,Operations Research Letters,Associate Editor,2022,2022,1
V. Iehlé,,Operations Research Letters,Associate Editor,2022,2022,1
W.T. Huh,,Operations Research Letters,Associate Editor,2022,2022,1
X. Gong,,Operations Research Letters,Associate Editor,2022,2022,1
X. He,,Operations Research Letters,Associate Editor,2022,2022,1
X.S. Zhou,,Operations Research Letters,Associate Editor,2022,2022,1
Y. Ding,,Operations Research Letters,Associate Editor,2022,2022,1
Y. Faenza,,Operations Research Letters,Associate Editor,2022,2022,1
Y.Q. Zhao,,Operations Research Letters,Associate Editor,2022,2022,1
Agostino Capponi,,Operations Research Letters,Editor-In-Chief,2022,2022,1
Amy Ward,,Operations Research Letters,Editor-In-Chief,2022,2022,1
Gianpaolo Oriolo,,Operations Research Letters,Editor-In-Chief,2022,2022,1
Hector Ramirez,,Operations Research Letters,Editor-In-Chief,2022,2022,1
Henry Lam,,Operations Research Letters,Editor-In-Chief,2022,2022,1
Jamol Pender,,Operations Research Letters,Editor-In-Chief,2022,2022,1
Leah Epstein,,Operations Research Letters,Editor-In-Chief,2022,2022,1
Mahesh Nagarajan,,Operations Research Letters,Editor-In-Chief,2022,2022,1
Marc Pfetsch,,Operations Research Letters,Editor-In-Chief,2022,2022,1
Marc Uetz,,Operations Research Letters,Editor-In-Chief,2022,2022,1
Tristan Tomala,,Operations Research Letters,Editor-In-Chief,2022,2022,1
Vianney Perchet,,Operations Research Letters,Editor-In-Chief,2022,2022,1
Wolfram Wiesemann,,Operations Research Letters,Editor-In-Chief,2022,2022,1
Xiuli Chao,,Operations Research Letters,Editor-In-Chief,2022,2022,1
Hong Kong,,Operations Research Letters,Editorial Board,2022,2022,1
Russian Federation,,Operations Research Letters,Editorial Board,2022,2022,1
Spotlighted Papers,,Operations Research Letters,Editorial Board,2022,2022,1
United Kingdom,,Operations Research Letters,Editorial Board,2022,2022,1
Change Password,,Production and Operations Management,Editorial Board,2020,2023,3
Media Mentions,,Production and Operations Management,Editorial Board,2020,2023,3
NEW USER,,Production and Operations Management,Editorial Board,2020,2023,3
New Password,,Production and Operations Management,Editorial Board,2020,2023,3
OM Blog,,Production and Operations Management,Editorial Board,2020,2023,3
Old Password,,Production and Operations Management,Editorial Board,2020,2023,3
POMS Chronicle,,Production and Operations Management,Editorial Board,2020,2023,3
Password Changed Successfully,,Production and Operations Management,Editorial Board,2020,2023,3
Professional Opportunities,,Production and Operations Management,Editorial Board,2020,2023,3
Request Username,,Production and Operations Management,Editorial Board,2020,2023,3
Too Long,,Production and Operations Management,Editorial Board,2020,2023,3
Too Short,,Production and Operations Management,Editorial Board,2020,2023,3
Very Strong,,Production and Operations Management,Editorial Board,2020,2023,3
Video Gallery,,Production and Operations Management,Editorial Board,2023,2023,1
Assaf Zeevi,,Stochastic Systems,Advisory Editor,2022,2025,3
Jim Dai,,Stochastic Systems,Advisory Editor,2022,2025,3
Peter W. Glynn,,Stochastic Systems,Advisory Editor,2022,2025,3
Stochastic Systems,,Stochastic Systems,Advisory Editor,2022,2025,3
Agostino Capponi,,Stochastic Systems,Associate Editor,2022,2022,1
Alessandro Arlotto,,Stochastic Systems,Associate Editor,2022,2025,3
Alex Belloni,,Stochastic Systems,Associate Editor,2022,2025,3
Amy Ward,,Stochastic Systems,Associate Editor,2022,2022,1
Andrew Daw,,Stochastic Systems,Associate Editor,2024,2025,2
Anuran Makur,,Stochastic Systems,Associate Editor,2024,2025,2
Ayalvadi Ganesh,,Stochastic Systems,Associate Editor,2022,2025,3
Baris Ata,,Stochastic Systems,Associate Editor,2022,2022,1
Bert Zwart,,Stochastic Systems,Associate Editor,2022,2025,3
Bill Cooper,,Stochastic Systems,Associate Editor,2022,2025,2
Bruce Hajek,,Stochastic Systems,Associate Editor,2022,2025,3
Christina Lee Yu,,Stochastic Systems,Associate Editor,2024,2025,2
Daniel Russo,,Stochastic Systems,Associate Editor,2022,2025,3
David Goldberg,,Stochastic Systems,Associate Editor,2024,2025,2
David Morton,,Stochastic Systems,Associate Editor,2022,2025,3
Debankur Mukherjee,,Stochastic Systems,Associate Editor,2024,2025,2
Georgia Tech,,Stochastic Systems,Associate Editor,2024,2025,2
Ger Koole,,Stochastic Systems,Associate Editor,2022,2025,3
Hanqin Zhang,,Stochastic Systems,Associate Editor,2022,2025,3
Hayes Simpson,,Stochastic Systems,Associate Editor,2024,2025,2
Huseyin Topaloglu,,Stochastic Systems,Associate Editor,2022,2022,1
Jamol Pender,,Stochastic Systems,Associate Editor,2022,2022,1
Jiheng Zhang,,Stochastic Systems,Associate Editor,2022,2025,3
John Hasenbein,,Stochastic Systems,Associate Editor,2022,2022,1
John Tsitsiklis,,Stochastic Systems,Associate Editor,2022,2022,1
Jose Blanchet,,Stochastic Systems,Associate Editor,2022,2022,1
Karthyek Murthy,,Stochastic Systems,Associate Editor,2022,2025,3
Laurent Massoulie,,Stochastic Systems,Associate Editor,2022,2025,3
Mengdi Wang,,Stochastic Systems,Associate Editor,2022,2025,3
Michel Mandjes,,Stochastic Systems,Associate Editor,2022,2025,3
Mohsen Bayati,,Stochastic Systems,Associate Editor,2022,2025,3
Neil Walton,,Stochastic Systems,Associate Editor,2022,2025,3
Paul Glasserman,,Stochastic Systems,Associate Editor,2022,2025,3
Qiaomin Xie,,Stochastic Systems,Associate Editor,2024,2025,2
Ramesh Johari,,Stochastic Systems,Associate Editor,2022,2025,3
Ruth Williams,,Stochastic Systems,Associate Editor,2022,2022,1
Sandeep Juneja,,Stochastic Systems,Associate Editor,2022,2022,1
Sarang Deo,,Stochastic Systems,Associate Editor,2022,2022,1
Shie Mannor,,Stochastic Systems,Associate Editor,2022,2025,3
Siva Theja Maguluri,,Stochastic Systems,Associate Editor,2024,2025,2
Tolga Tezcan,,Stochastic Systems,Associate Editor,2022,2025,3
Vrije Universiteit Amsterdam,,Stochastic Systems,Associate Editor,2022,2025,3
Yuan Zhong,,Stochastic Systems,Associate Editor,2024,2025,2
Baris Ata,,Stochastic Systems,Editor-In-Chief,2022,2022,1
Devavrat Shah,,Stochastic Systems,Editor-In-Chief,2024,2025,2
Jamol Pender,,Stochastic Systems,Editor-In-Chief,2022,2025,3
Shane Henderson,,Stochastic Systems,Editor-In-Chief,2022,2022,1
Alejandro Toriello,,Transportation Science,Area Editor,2025,2026,2
Ann M. Campbell,,Transportation Science,Area Editor,2021,2026,5
Barrett Thomas,,Transportation Science,Area Editor,2021,2023,3
David Pisinger,,Transportation Science,Area Editor,2021,2026,5
Ivana Ljubic,,Transportation Science,Area Editor,2026,2026,1
Jean-François Cordeau,,Transportation Science,Area Editor,2021,2026,5
Michael Hewitt,,Transportation Science,Area Editor,2025,2025,1
Niels Agatz,,Transportation Science,Area Editor,2025,2026,2
Yafeng Yin,,Transportation Science,Area Editor,2021,2026,5
Alejandro Toriello,,Transportation Science,Associate Editor,2019,2023,4
Alexandre Jacquillat,,Transportation Science,Associate Editor,2021,2026,5
Amedeo R. Odoni,,Transportation Science,Associate Editor,2019,2026,8
Andres Medaglia,,Transportation Science,Associate Editor,2021,2023,3
Ann M. Campbell,,Transportation Science,Associate Editor,2019,2019,1
Anton J. Kleywegt,,Transportation Science,Associate Editor,2019,2023,4
Anton Kleywegt,,Transportation Science,Associate Editor,2025,2026,2
Baris Yildiz,,Transportation Science,Associate Editor,2026,2026,1
Barrett Thomas,,Transportation Science,Associate Editor,2019,2019,1
Beatrice Allen,,Transportation Science,Associate Editor,2021,2022,2
Burcu Balcik,,Transportation Science,Associate Editor,2021,2026,5
Carolina Osorio,,Transportation Science,Associate Editor,2019,2022,3
Catherine Cleophas,,Transportation Science,Associate Editor,2021,2026,5
Chiwei Yan,,Transportation Science,Associate Editor,2023,2026,3
Cindy Barnhart,,Transportation Science,Associate Editor,2021,2022,2
Claudia Archetti,,Transportation Science,Associate Editor,2019,2026,6
Cristian E. Cortes,,Transportation Science,Associate Editor,2019,2023,4
Cynthia Chen,,Transportation Science,Associate Editor,2021,2026,5
Daniel Freund,,Transportation Science,Associate Editor,2025,2026,2
Daniel Vigo,,Transportation Science,Associate Editor,2019,2019,1
Daniele Vigo,,Transportation Science,Associate Editor,2021,2026,5
David E. Boyce,,Transportation Science,Associate Editor,2019,2019,1
David Pisinger,,Transportation Science,Associate Editor,2019,2019,1
Debjit Roy,,Transportation Science,Associate Editor,2023,2026,3
Dennis Huisman,,Transportation Science,Associate Editor,2019,2026,6
Denos C. Gazis,,Transportation Science,Associate Editor,2021,2026,5
Elena Fernandez,,Transportation Science,Associate Editor,2021,2025,4
Elise Miller-Hooks,,Transportation Science,Associate Editor,2019,2022,3
Emma Frejinger,,Transportation Science,Associate Editor,2021,2026,5
Ethical Guidelines,,Transportation Science,Associate Editor,2019,2021,2
Fang He,,Transportation Science,Associate Editor,2025,2026,2
Francesca Maggioni,,Transportation Science,Associate Editor,2025,2026,2
Freie Universitat Berlin,,Transportation Science,Associate Editor,2019,2019,1
Gilbert Laporte,,Transportation Science,Associate Editor,2019,2026,8
Gordon F. Newell,,Transportation Science,Associate Editor,2021,2026,5
Grazia Speranza,,Transportation Science,Associate Editor,2021,2026,5
Guglielmo Lulli,,Transportation Science,Associate Editor,2026,2026,1
Guy Desaulniers,,Transportation Science,Associate Editor,2019,2026,6
Hai Wang,,Transportation Science,Associate Editor,2022,2026,4
Hai Yang,,Transportation Science,Associate Editor,2021,2026,5
Hai-Jun Huang,,Transportation Science,Associate Editor,2022,2026,4
Halit Uster,,Transportation Science,Associate Editor,2019,2025,5
Hamsa Balakrishnan,,Transportation Science,Associate Editor,2021,2025,4
Hani Mahmassani,,Transportation Science,Associate Editor,2019,2026,8
Hayes Simpson,,Transportation Science,Associate Editor,2023,2026,3
Ho-Yin Mak,,Transportation Science,Associate Editor,2022,2026,4
Ivana Ljubic,,Transportation Science,Associate Editor,2021,2025,4
James Campbell,,Transportation Science,Associate Editor,2019,2023,4
Jan Fabian Ehmke,,Transportation Science,Associate Editor,2025,2026,2
Janny Leung,,Transportation Science,Associate Editor,2025,2026,2
Janny M.Y. Leung,,Transportation Science,Associate Editor,2019,2023,4
Jean-Francois Cordeau,,Transportation Science,Associate Editor,2019,2019,1
Jennifer Pazour,,Transportation Science,Associate Editor,2023,2026,3
John Gunnar Carlsson,,Transportation Science,Associate Editor,2019,2026,6
Jorge Mendoza,,Transportation Science,Associate Editor,2025,2026,2
Julia Yan,,Transportation Science,Associate Editor,2025,2026,2
Karen Smilowitz,,Transportation Science,Associate Editor,2019,2026,2
Karmel S. Shehadeh,,Transportation Science,Associate Editor,2025,2026,2
Kevin Gue,,Transportation Science,Associate Editor,2019,2019,1
Kevin Tierney,,Transportation Science,Associate Editor,2026,2026,1
Kjetil Fagerholt,,Transportation Science,Associate Editor,2019,2019,1
Lauren Davis,,Transportation Science,Associate Editor,2021,2025,4
Lawrence Snyder,,Transportation Science,Associate Editor,2019,2022,3
Lei Zhao,,Transportation Science,Associate Editor,2021,2026,5
Lijun Sun,,Transportation Science,Associate Editor,2023,2026,3
Louis-Martin Rousseau,,Transportation Science,Associate Editor,2023,2026,3
Lu Zhen,,Transportation Science,Associate Editor,2026,2026,1
Ludovic Leclercq,,Transportation Science,Associate Editor,2021,2025,4
Mark Daskin,,Transportation Science,Associate Editor,2019,2026,3
Mark S. Daskin,,Transportation Science,Associate Editor,2021,2026,5
Markus Leitner,,Transportation Science,Associate Editor,2026,2026,1
Marlin Ulmer,,Transportation Science,Associate Editor,2022,2026,4
Martin Savelsbergh,,Transportation Science,Associate Editor,2021,2026,7
Martine Labbé,,Transportation Science,Associate Editor,2019,2026,6
Mathias Klapp,,Transportation Science,Associate Editor,2025,2026,2
Matthias Winkenbach,,Transportation Science,Associate Editor,2023,2026,3
Maximilian Schiffer,,Transportation Science,Associate Editor,2023,2026,3
Michael Ball,,Transportation Science,Associate Editor,2021,2026,5
Michael Florian,,Transportation Science,Associate Editor,2019,2019,1
Michael Gendreau,,Transportation Science,Associate Editor,2019,2019,1
Michael Hewitt,,Transportation Science,Associate Editor,2021,2023,3
Michael Levin,,Transportation Science,Associate Editor,2026,2026,1
Michael O. Ball,,Transportation Science,Associate Editor,2019,2019,1
Michael Zhang,,Transportation Science,Associate Editor,2019,2019,1
Michal Tzur,,Transportation Science,Associate Editor,2022,2026,4
Michel Gendreau,,Transportation Science,Associate Editor,2021,2026,7
Min Xu,,Transportation Science,Associate Editor,2026,2026,1
Moshe Ben-Akiva,,Transportation Science,Associate Editor,2019,2026,6
Natalia Kliewer,,Transportation Science,Associate Editor,2019,2022,3
Neda Masoud,,Transportation Science,Associate Editor,2022,2026,4
Niels Agatz,,Transportation Science,Associate Editor,2021,2023,3
Nigel H. M. Wilson,,Transportation Science,Associate Editor,2019,2019,1
Nikola Marković,,Transportation Science,Associate Editor,2026,2026,1
Nikolas Geroliminis,,Transportation Science,Associate Editor,2019,2025,5
Nils Boysen,,Transportation Science,Associate Editor,2021,2026,5
Ola Jabali,,Transportation Science,Associate Editor,2023,2026,3
Qi Luo,,Transportation Science,Associate Editor,2026,2026,1
Qiang Meng,,Transportation Science,Associate Editor,2025,2026,2
Remy Spliet,,Transportation Science,Associate Editor,2026,2026,1
René De Koster,,Transportation Science,Associate Editor,2025,2026,2
Richard E. Allsop,,Transportation Science,Associate Editor,2019,2019,1
Richard F. Hartl,,Transportation Science,Associate Editor,2019,2022,3
Robert Herman,,Transportation Science,Associate Editor,2021,2026,5
Roberto Baldacci,,Transportation Science,Associate Editor,2025,2026,2
Roberto Roberti,,Transportation Science,Associate Editor,2021,2026,5
S. Travis Waller,,Transportation Science,Associate Editor,2019,2019,1
Saif Jabari,,Transportation Science,Associate Editor,2023,2026,3
Samitha Samaranayake,,Transportation Science,Associate Editor,2025,2026,2
Sean Qian,,Transportation Science,Associate Editor,2021,2026,5
Sebastien Martin,,Transportation Science,Associate Editor,2025,2026,2
Shadi Sharif Azadeh,,Transportation Science,Associate Editor,2023,2026,3
Sharon Di,,Transportation Science,Associate Editor,2023,2025,2
Sheng Liu,,Transportation Science,Associate Editor,2025,2026,2
Sibel Alumur,,Transportation Science,Associate Editor,2025,2026,2
Siqian Shen,,Transportation Science,Associate Editor,2021,2022,2
Song Gao,,Transportation Science,Associate Editor,2019,2019,1
Sophie Parragh,,Transportation Science,Associate Editor,2022,2026,4
Stefan Irnich,,Transportation Science,Associate Editor,2022,2026,4
Stephen Boyles,,Transportation Science,Associate Editor,2023,2023,1
Submission Guidelines,,Transportation Science,Associate Editor,2019,2021,2
Sue Ahn,,Transportation Science,Associate Editor,2026,2026,1
Tal Raviv,,Transportation Science,Associate Editor,2021,2026,5
Teodor Gabriel Crainic,,Transportation Science,Associate Editor,2019,2019,1
Thibaut Vidal,,Transportation Science,Associate Editor,2019,2023,4
Thomas L. Magnanti,,Transportation Science,Associate Editor,2019,2019,1
Thomas M. Cook,,Transportation Science,Associate Editor,2019,2019,1
Tolga Bektas,,Transportation Science,Associate Editor,2021,2025,4
Tom Van Woensel,,Transportation Science,Associate Editor,2019,2022,3
Tomer Toledo,,Transportation Science,Associate Editor,2019,2023,4
Transportation Science,,Transportation Science,Associate Editor,2019,2026,6
Valentina Cacchiani,,Transportation Science,Associate Editor,2022,2025,3
Vikrant Vaze,,Transportation Science,Associate Editor,2019,2026,6
Warren B. Powell,,Transportation Science,Associate Editor,2019,2026,6
Web Feed,,Transportation Science,Associate Editor,2019,2021,2
Weihua Gu,,Transportation Science,Associate Editor,2025,2026,2
Wenlong Jin,,Transportation Science,Associate Editor,2021,2023,3
Yafeng Yin,,Transportation Science,Associate Editor,2019,2019,1
Yanfeng Ouyang,,Transportation Science,Associate Editor,2019,2019,1
Yang Liu,,Transportation Science,Associate Editor,2022,2026,4
Yueyue Fan,,Transportation Science,Associate Editor,2025,2026,2
Karen Smilowitz,,Transportation Science,Editor-In-Chief,2021,2025,4
Martin Savelsbergh,,Transportation Science,Editor-In-Chief,2019,2019,1
Michael Hewitt,,Transportation Science,Editor-In-Chief,2026,2026,1
